axios,9
node-fs-extra,5
express,97
ts-node,15
qs,10
readable-stream,7
resolve,5
http-proxy-middleware,17
node-deep-equal,91
meow,72
eslint-plugin-node,169
cors,2
got,24
buffer,2
jsdom,27
ava,181
svgo,24
execa,16
compression,12
ioredis,11
express-validator,2
morgan,8
on-finished,1
prompts,2
node-util,28
anymatch,2
node-notifier,10
globby,24
accepts,3
finalhandler,9
node-xml2js,2
np,494
session,10
engine.io,19
node-chromedriver,38
find-cache-dir,8
mysql,12
node-gyp,140
file-type,12
xo,738
cookie-parser,2
pm2,246
gulp-mocha,132
fastify,70
gulp-autoprefixer,44
shelljs,41
node-archiver,71
run-parallel,1
is-glob,1
eslint-plugin-unicorn,190
pg-promise,20
braces,3
gulp-imagemin,431
imagemin,44
cookie-session,8
jest-junit,5
serve-index,16
lowdb,1
object.omit,3
randomatic,3
multiparty,9
ow,6
bookshelf,4
bitcoinjs-lib,36
graphql-request,4
leveldown,12
enquirer,1
string_decoder,1
cloudinary_npm,92
couchdb-nano,36
get-value,1
content-disposition,1
nodejs-firestore,189
node-emoji,1
errorhandler,5
send,20
sharp,60
pino,22
nightwatch,393
node-cache-manager,2
slugify,3
eslint-formatter-pretty,25
docsify-cli,269
node-mssql,271
serve-favicon,5
eslint-config-standard-with-typescript,352
signale,24
prom-client,2
engine.io-client,9
cson,9
object.pick,1
global-modules,5
decompress,56
mquery,2
sockjs-node,8
to-regex,18
dockerode,38
gray-matter,10
basic-auth,1
gulp-changed,27
pkg,167
amqplib,14
node-js2xmlparser,1
node-cache,1
cacheable-request,9
elasticsearch-js,11
node-rest-client,6
write,2
remarkable,4
method-override,5
firebase-admin-node,298
hapi,80
eslint-plugin-ava,132
download,130
express-fileupload,2
base,48
memdown,14
terminal-link,6
cli-progress,5
snazzy,22
eslint-config-xo,1
simple-get,5
gulp-strip-debug,102
tedious,245
phin,1
yo,1038
nanomatch,72
Caporal.js,144
to-regex-range,1
email-templates,280
markdown-toc,69
nodegit,244
swagger,22
cordova-android,100
proxy-addr,2
extglob,72
expand-brackets,70
gulp-filter,33
sitemap.js,5
grunt-eslint,124
typeorm,1
gulp-zip,39
node-promptly,2
define-property,7
clone-deep,5
cache-base,36
compressible,1
nearley,4
electron-prebuilt,143
eslint-config-xo-space,126
level,23
lite-server,319
chrome-remote-interface,4
cordova-node-xcode,9
undici,2
gulp-size,35
gulp-ruby-sass,77
node-klaw-sync,1
snapdragon,46
node-core-test,77
cli-table3,6
tracer,4
pascalcase,1
levelup,23
node-mocks-http,10
cookies,3
oclif,929
hexo,177
is-absolute,4
cat-names,69
full-icu-npm,4
node-loader,4
default-require-extensions,1
alfy,338
schematics,82
moleculer,38
cordova-cli,739
airtap,856
gulp-debug,31
node-rsa,2
response-time,2
nodejs-sdk,154
cls-hooked,4
agenda,30
express-status-monitor,46
primus,38
for-own,1
dir-glob,1
imagemin-gifsicle,278
into-stream,12
gulp-template,19
clone-response,1
couchnode,176
handlebars-helpers,383
ms-rest-js,27
jwt,15
nest-cli,413
node-crawler,107
brain.js,1
cordova-ios,112
deep-assign,1
standard-engine,19
is-online,41
align-text,3
nodejs-vision,188
gaxios,12
node-fast-html-parser,15
abort-controller,1
node-csvtojson,4
snapdragon-util,1
router,8
art-template,37
nodejs-pubsub,204
default-gateway,17
javascript-obfuscator,23
env-cmd,7
gulp-gh-pages,136
webtorrent,242
mongoosastic,36
abstract-leveldown,9
farmhash,48
trash,64
expand-range,11
isomorphic-git,25
peerjs-server,127
projectz,20
string-to-stream,5
limax,18
istextorbinary,2
uid-safe,1
regex-not,7
watchr,23
socketcluster,65
node-website-scraper,76
node-hid,50
codeceptjs,36
feed,2
assemble,1498
node-telegram-bot-api,213
envalid,1
cson-parser,1
ansi-escape-sequences,1
gulp-jasmine,42
expand-tilde,2
rethinkdbdash,1
get-folder-size,1
opentype.js,2
chalk-animation,78
relateurl,182
zx,61
nodejs-speech,217
global-prefix,4
jest-sonar-reporter,1
is-equal-shallow,1
tmi.js,3
simple-peer,7
parse-torrent,14
favicon,5
gluegun,30
csrf,4
caw,13
parse-filepath,8
node-sha3,3
ssh2-sftp-client,21
node-proper-lockfile,3
yaspeller,36
connect-session-sequelize,1
pretty,30
labeled-stream-splicer,12
node-redis-parser,1
cmake-js,84
npm-conf,4
babel-preset-stage-4,137
aigle,1
firefox-profile-js,13
node-windows,21
npm-run,10
object.defaults,5
play-sound,1
editions,2
node-bluetooth-serial-port,5
tus-js-client,20
awilix,27
copy,120
strong-error-handler,82
nexe,269
bittorrent-dht,24
node-consul,1
node-argon2,74
dropbox-sdk-js,1
solana-web3.js,74
rxdb,438
eslint-plugin-n,143
taskgroup,11
terraformer-wkt-parser,3
codec,3
merge-deep,18
encoding-down,14
gulp-chmod,11
grunt-filerev,10
has-symbol-support-x,14
safefs,1
ky-universal,10
timeout,9
create-torrent,12
purest,36
connect-session-knex,23
fancy-test,17
node-resque,12
config,4
node-ytpl,1
dynamoose,1
gulp-markdown,19
rpc-websockets,11
stream-splicer,10
node-ecdsa-sig-formatter,1
cordova-js,50
eslint-plugin-require-path-exists,23
rewiremock,161
penthouse,55
node-google-spreadsheet,41
node-rdkafka,3
Shopify-api-node,50
loopback-connector-mysql,89
delete-empty,17
node-gcm,64
phantomjs-node,136
deglob,22
array-sort,4
resolve-dir,15
speakeasy,1
renamer,54
getmac,1
erlpack,3
multistream,7
mineflayer,140
arangojs,29
parse-git-config,2
cordova-common,72
pm2-io-apm,10
human-interval,1
express-mysql-session,27
url-regex,2
wintersmith,1075
cqrs,1
nodejs-bigquery,88
is-cidr,185
gradient-string,9
node-jira-client,67
swagger-cli,55
webdav-client,26
gpu.js,5
loopback-connector-mongodb,103
docker-modem,17
hygen,129
aedes,45
apostrophe,1119
global-agent,36
gulp-nunjucks,41
inversify-express-utils,90
claudia,163
babel-preset-transform-test-files,55
broken-link-checker,318
csv-stream,11
http-timer,1
rollup-plugin-preserve-shebang,2
strong-soap,147
symlink-dir,24
light-my-request,3
nodejs-error-reporting,67
junit-report-builder,5
metalsmith-layouts,9
changelog-maker,673
node-hue-api,45
apm-agent-nodejs,228
pdfjs,15
pmx,24
actionhero,143
jest-mongodb,168
node-neo4j,62
output-file-sync,4
discord.io,5
cote,81
appmetrics,331
cli-columns,6
slack,1
socks5-client,4
is-reachable,53
browser-run,247
dugite,12
season,44
jsdoc-api,60
npm-package-json-lint,143
binding-mock,3
pg-monitor,34
docx,5
gulp-ava,635
gulp-vulcanize,69
js-xlsx,22
express-openapi-validator,65
loopback-connector-postgresql,107
cordova-lib,531
terminal-image,396
openwhisk-client-js,8
prettier-check,16
term-img,24
is-valid-domain,1
youtube-node,97
cidr-regex,1
evt,4
node-libcurl,7
swagger-express-middleware,99
nodejs-logging-bunyan,244
eris,5
nodejs-logging-winston,252
admin-bro,1017
opencv4nodejs,5
run-parallel-limit,1
right-align,5
threads.js,5
unzip-stream,6
node-sonos,8
packager,32
magnet-uri,2
pigpio,3
facebook-node-sdk,18
express-ntlm,2
ascii-progress,7
fs-mkdirp-stream,4
mixpanel-node,6
restana,5
react-simple-maps,4
node-sql-parser,1
node-redlock,1
node-casbin,5
command-line-commands,1
broccoli-clean-css,95
generator-license,526
gulp-html-replace,20
koa-websocket,7
micro-router,1
ndb,170
node-modbus,2
node-print-message,1
subleveldown,35
tiny-worker,1
node-sodium,1
node-jwk-to-pem,19
node-git-describe,3
nodejs-datastore,199
node-sparkpost,57
slonik,20
HummusJS,84
line-bot-sdk-nodejs,67
js-beautify,23
shellcheck,106
tty-table,112
pal-nodejs,79
bundlewatch,71
winston-logzio,54
omit-deep-lodash,1
simplifyify,895
sloc,217
assign-deep,1
extract-opts,1
haikunatorjs,4
i2c-bus,3
nodejs-system-sleep,5
textract,164
eslint-plugin-xo,190
ink-link,12
opentok-node,79
maildev,230
piscina,9
cordova-serve,119
q-i,9
next-update,382
ntl,161
to-ico,116
nlm,161
deferred-leveldown,11
gift,2
MathJax-node,131
extract-comments,3
find-pkg,15
verb-generate-readme,1077
prebuildify,34
esbuild-runner,4
manifesto,6
urlpattern-polyfill,4
iota.lib.js,9
nativefier,330
node-whois,35
i18next-http-backend,6
aerospike-client-nodejs,167
unimported,276
aliyun-sdk-js,24
mailjet-apiv3-nodejs,11
mediasoup-client,16
functions-framework-nodejs,246
sodium-universal,31
cordova-fetch,334
ms-rest-azure-js,30
node-sdk,16
node-clinic,1082
proxy-lists,166
nbind,4
neodoc,1
node-7z,9
optional-require,1
mem,37
kubernetes-client,173
rsmq,7
Approvals.NodeJS,746
git-parse,133
syncpack,51
etcd3,96
string-pixel-width,1
mediasoup,6
tencentcloud-sdk-nodejs,19
get-it,32
oembed-parser,6
dd-trace-js,56
ink-big-text,23
webpack-cdn-plugin,63
tld.js,1
postcss-color-gray,9
Ouch,20
gulp-traceur,44
console.table,1
cp-cli,61
node-vault,72
numjs,195
node-regedit,11
scribbletune,2
image-js,87
node-tree-sitter,75
log-process-errors,7
lmdb-js,19
nodejs-logging,235
gcloud-node,21
async-redis,6
babel-extract-comments,1
node-gcstats,81
gulp-hb,71
iterator-stream,6
node-inotify,2
websocket-as-promised,113
knifecycle,3
yurnalist,5
node-jq,151
node-sp-auth,239
dotenv-flow,1
iohook,4
razorpay-node,71
merkletreejs,109
tuyapi,10
hostile,12
node-crc32-stream,8
Node-Media-Server,98
searchkit,7
cordova-create,358
git-branch,225
hads,1563
git-username,12
json-file-store,4
iplocation,13
mongolass,48
buttercms-js,2
compress-images,866
arraybuffer-loader,5
assertive,1
download-cli,166
express-cassandra,234
express-vue,1709
webpack-hot-server-middleware,5
link-preview-js,46
google-play-scraper,107
mime-types,1
sofa-rpc-node,184
noflo-nodejs,15
metapak,41
vscode-extension-telemetry,99
canvas-constructor,1
strapi-generate-admin,22
bs-logger,1
ext-list,1
node-base64-image,2
counterpart,5
templates,502
we-core,22
sway,101
speed-test,145
typogr.js,17
gulp-tape,571
gulp-xo,1348
log-utils,2
trello,8
jsdomify,116
node-mysql-utilities,13
socket.io-msgpack-parser,2
rocksdb,12
tspath,274
flightplan,12
fluid-grunt-eslint,176
elastic-builder,8
learnyounode,237
test-each,12
whistle,183
esbuild-node-tsc,20
nodejs-file-downloader,11
article-parser,42
oci-typescript-sdk,1028
data-forge-ts,11
inquirer-datepicker-prompt,42
redrun,1264
locus,107
nedb-promise,2
eureka-js-client,68
cloudcmd,1798
webtorrent-hybrid,4
meilisearch-js,1
node-acme-client,12
npm-publish,20
grunt-markdownlint,8
fabrix,3
electron-reloader,33
actions-toolkit,93
standard-json,9
s3-website,104
caching-transform,17
node-strip-dirs,3
telebot,61
node-plex-api,81
node-m3u8stream,2
docker-compose,1
eachr,1
handbrake-js,85
express-xml-bodyparser,3
loading-cli,1
ggit,21
node-bitly,3
aperture-node,80
alexa-app,35
node-report,1
jsmediatags,1
gulp-bom,11
image-downloader,1
join-monster,6
svgdom,171
bittorrent-protocol,16
axios-logger,7
ut_metadata,6
svg2pdf.js,2
impress,16
pokedex-promise-v2,9
party,67
openapi-backend,35
faux-jax,5
inquirer-checkbox-plus-prompt,67
mercurius,98
binance,8
serverless-bundle,2917
concat-iterator,1
coin-hive-stratum,39
ambi,1
array-last,1
attempt-x,11
chrome-net,1
gulp-tar,112
has-to-string-tag-x,16
express-stormpath,507
git-branch-is,1
level-test,105
level-ttl,3
nohm,23
napajs,161
rails-erb-loader,5
node-ul,5
simple-websocket,13
chrome-dgram,2
rss-to-json,10
leakage,4
finished,1
fast-cli,330
particle-api-js,40
registry-js,79
opus,74
capture-website,131
gulp-remote-src,98
npm-gui,11
listr2,8
node-lambda-log,1
swagger-typescript-api,109
thelounge,561
jest-dynamodb,340
Haraka,545
payload,109
lighthouse-ci,307
ink-box,49
graphql-cost-analysis,1
filer,19
adaro,299
bal-util,34
defaults-deep,4
poloniex.js,58
querymen,3
raml-js-parser,46
replace-x,176
section-tests,4
passwordless,3
webtorrent-cli,466
fhir-kit-client,21
node-resolve,5
throttler,4
patchwork,1861
google-translate,3
matrix-appservice-bridge,354
facebook-nodejs-business-sdk,74
lightship,137
node-detective-postcss,10
body-parser,37
node-webcam,2
rosnodejs,39
cls-rtracer,1
html-pdf-chrome,16
atdatabases,56
Ghost-CLI,656
eth-provider,11
pg-boss,28
functions,1
socket.io,29
ynab-sdk-js,6
bun,280
buttercup-core,364
clients,417
https-localhost,6
siroc,188
Snoostorm,78
spoof,11
cc,40
cordova-osx,89
caterpillar,6
csrf-tokens,4
matrix,45
easy-zip,1
find-file-up,14
gh,377
git-pull-or-clone,8
git-pre-commit,383
hepburn,1
gulp-webp,331
hapijs-status-monitor,30
ipt,109
esprima-extract-comments,1
wallet-address-validator,3
image-min,44
atom-shell,143
exiftool-vendored.js,7
samlify,17
nodejs-dns,74
socketcluster-server,46
camunda-external-task-client-js,26
bpmn-engine,17
cosmicjs-node,10
file-icon,5
cep-promise,6
nadesiko3,33
markdownlint-cli2,44
mojo.js,39
Reports.JS,333
nodegui,171
ldapts,10
umbrella,296
image-to-base64,1
native-url,1
spinnies,14
trace-nodejs,209
bodymen,3
nodejs-fs-utils,1
windows-build-tools,6
yaml-validator,14
startserver,91
recaptcha2,61
terraformer-arcgis-parser,2
chinese-random-name,2
to-object-x,4
east,13
huejay,7
json-api-serializer,1
node-generate-release,69
gists,25
node-glob-gitignore,17
node-grizzly,48
gitbook-summary,189
node-gry,16
feedparser-promised,88
node-eventstore,11
volkswagen,5
nodejs-bigtable,215
tldr-node-client,741
mysql-import,15
obs-websocket-js,11
xo-init,76
wechat-jssdk,81
trakt.tv,37
http2-wrapper,2
ut_pex,6
oicq,36
coinstac,23
swagger-stats,52
server-timing,2
typescript-node,15
quagga2,86
envkey,477
libRmath.js,2
adminjs,1017
gramjs,57
rax-app,38
zip-it-and-ship-it,382
veza,1
detect-character-encoding,2
multileveldown,50
electron-better-ipc,2
delay-cli,67
openrecord,463
node-cache-manager-redis,26
connectivity,2
akismet-js,61
solidarity,8
statsd,10
scandirectory,3
node-tenpay,144
oas3-chow-chow,5
bash-match,12
mediasource,7
grunt-php,32
fetch-plus,8
node-rfc,53
on-socket-error,1
comedy,37
node-git-server,1
memoryjs,233
modclean,161
madrun,1029
memlab,349
awesome-lint,562
parser-js,30
nodejs-spanner,274
coin-hive,234
torrent-discovery,95
bigint-buffer,1
node-ottoman,203
pact-node,103
vtils,106
web3-token,98
electrode-native,881
react-native-udp,4
nestjs-i18n,26
node-sdk-core,133
webcrypto,24
appmetrics-dash,5
avrgirl-arduino,119
cwd,16
gifify,9
gulp-esformatter,121
gulp-myth,137
nei-toolkit,527
node-is-git-repository,27
node-jsonrpc2,12
generator-express,443
electrode-confippet,6
node-dht-sensor,1
core_d.js,2
wolkenkit,68
zoroaster,3
gofer,5
node-lintspaces,16
cli-kit,28
nve,313
nestjs-plus,251
easy-soap-request,9
iota.js,9
unfurl,24
node-ical,15
load-ip-set,12
binary-mirror-config,52
gulp-execa,72
iron-session,135
tarant,1
nbb,1
dev-tasks,2517
sdk-javascript,4
nodejs-dashboard,166
mapbox-gl-native,252
role-acl,6
QCObjects,17
simple-methodize-x,11
default-compare,1
liftr-tscov,20
valid-directory,3
wunderbar,219
dat-registry-client,79
azure-xplat-cli,638
demeteorizer,16
html-metadata,129
node-ipinfo,15
zosconnect-node,591
winston-logsene,121
node-hcat,8
gstore-node,12
omit-deep,9
level-rocksdb,35
lcd,8
ha-store,1
artTemplate,37
node-os-monitor,10
node-ble,151
oas-tools,171
string2compact,2
cachios,11
metaschema,2
node-quickbase,17
gn-api-sdk-node,12
extra-promise,144
swagger-markdown,32
nest,219
diagnostics,14
json-schema-ref-parser,5
swagger-parser,20
forge-js,377
wp-calypso,147
aws-lambda-powertools-typescript,8
azure-sdk-for-node,105
markdownlint,7
patch-package,57
egg,41
fonoster,3
freesewing,95
nestjs,251
google-api-nodejs-client,65
nodejs-storage,80
google-maps-services-js,23
postgraphile,156
i18next,2
version-bump-prompt,83
keystone,94
joplin,23
lskjs,2892
marble,104
medusa,49
mocha,90
node-mongodb-native,19
detect-port,3
node-opcua,2628
nx,40
zipkin-js,26
patternlab-node,4177
octicons,1551
node-redis,16
rollbar.js,11
connect,13
eslint-config,177
grant,45
spike,1248
