Name,Version,URL,NDependencies
firestore-tools,1.0.2,shadowwalker/firestore-tools,295
cupcake.css,0.1.0,halfmage/cupcake,295
bolt-permissions,1.1.5,mdibaiee/bolt-permissions,295
genesis-theme-claim,0.6.0,seothemes/genesis-theme-claim,295
foxjs,0.0.52,ssmereka/foxjs,295
i18n-parser,1.0.0,intpp/i18n-parser,295
mina-painter,2.2.5,Kujiale-Mobile/Painter,295
eleventy-cli,0.1.9,zachleat/eleventy,295
build-plugin-ice-ssr,3.1.4,alibaba/ice/tree/master/packages/plugin-ice-ssr,295
bbsfdx,1.4.2,keirbowden/bbsfdx,295
a-pea-eye,1.2.9,abhayvatsa/a-pea-eye,295
own-couchdb,1.0.3,UXtemple/own-couchdb,295
import-deps,1.1.5,percolate/import-deps,295
bud-browserify,2.0.0,bud-plugins/bud-browserify,295
theme-claim,0.2.0,m-e-h/theme-claim,295
simpl3s,3.1.2,wtff0nzie/simpl3s,295
generator-node-gulp,0.7.5,youngmountain/generator-node-gulp,295
simpartic,0.8.1,magynhard/simpartic,295
js-mcts,0.0.1,cammcguinness/js-mcts,295
ng2-safe-img,0.1.2,hyzhak/ng2-safe-img,295
babel-plugin-react-templates,2.0.1,arbolista-dev/babel-plugin-react-templates,295
neo4j-swagger-api,0.0.9,tinj/node-neo4j-swagger-api,295
ember-asset-loader,1.0.0,ember-engines/ember-asset-loader,295
react-neo-wallets,1.1.3,ediopia/react-neo-wallets,295
grunt-terrific-micro-exporter,0.0.15,namics/grunt-terrific-micro-exporter,295
mis-vue-ast,0.0.6,58MIS-FE/mis-vue-ast,295
gulp-awesome-electron,1.2.2,ThorstenHans/gulp-awesome-electron,295
fh-mbaas-middleware,2.3.5,feedhenry/fh-mbaas-middleware,295
mundler,1.5.1,spencer-leopold/mundler,295
sitegate-mailer,0.2.2,sitegate/mailer,295
wdio-ms-teams-service,0.1.9,marcelblijleven/wdio-ms-teams-service,295
moj-cli,0.2.0,yjz20041/moj-cli,295
burlesque,0.0.4,brentlintner/burlesque,295
fh-cds-aufgabe7-backend,0.0.1,Benni2808/cds_aufgabe7,295
minimalasm,0.0.3,nathanross/minimalasm,295
mcfly-github,2.0.0,mcfly-io/mcfly-github,295
redux-i18n-parser,1.1.4,intpp/redux-i18n-parser,295
camera-hub,0.0.2,nihey/node-camera-hub,295
generator-node-gulp-coffee,0.3.0,liuxiong332/generator-node-gulp-coffee,295
node-project-manager,1.1.6,kangkang520/node-project-manager,295
bengular,1.3.0,BenTaylorPublic/bengular,295
depercolator,0.5.0,bugsnag/depercolator,295
retext-codex-standard,2.1.1,codex/retext-codex-standard,295
stylelint-vars-check,1.0.1,chongqiangchen/stylelint-vars-check,295
spotify-wrapper-jswithtddcourse,2.0.2,Moraissz/spotify-wrapper,295
redshift2graphql,2.0.0,ShamanJaggia/redshiftapi2graphql,295
serverless-remotion-lambda,1.0.5,HaMMeRSI/serverless-remotion-lambda,295
graphqlld-on-file,0.0.3,pheyvaer/graphqlld-on-file,295
kg-shared,1.0.3,kirillgroshkov/kg-shared,295
browserifier,0.2.2,gomoto/browserifier,295
nboard-ui-rata,0.0.1,nxsdvlpr/nboard-ui-rata,295
gatsby-theme-photography-portfolio,1.0.2,AlexanderProd/gatsby-theme-photography-portfolio,295
eslint-plugin-mizyind,4.11.0,miZyind/eslint-plugin-mizyind,295
ember-cli-awesome-resolver,5.0.0,BBVAEngineering/ember-cli-awesome-resolver,295
pairing-bot,1.0.1,GitShaffi/PairingBot,295
tutu-framework,1.0.2,jianggaocheng/tutu-framework,295
json2graphql2,0.4.0,web-seven/json2graphql,295
thinbus-srp-tester,1.0.5,simbo1905/thinbus-srp-npm-tester,295
grpc-gen,1.3.0,zaucy/grpc-gen,295
tailphix,0.0.3,l-pizarro/tailphix,295
vue-block-documentation,0.5.3,larsvanbraam/vue-block-documentation,295
foursquare-categories-firestore,1.0.3,matthewhuie/foursquare-categories-firestore,295
react-element-inspector,1.0.0,weber-cd/react-element-inspector,295
vite-plugin-ali-oss,1.0.8,xiaweiss/vite-plugin-ali-oss,295
magic-rpc,0.0.18,abhayvatsa/magic-rpc,295
gulp-properties-to-object,0.1.0,jimmy-collazos/gulp-properties-to-object,295
proto-dash,0.0.1,mikaturunen/proto-dash,295
readem,0.2.7,trusktr/readem,295
biubiu,0.0.6,SFTC/biubiu,295
eleventy-plugin-hubspot,1.0.4,reatlat/eleventy-plugin-hubspot,295
dude-permissions,1.1.8,mdibaiee/dude-permissions,295
eslint-config-vue-gejian-rule,1.0.0,GeJian1/vue-eslint,295
sfdx-vlocity-delta-package,0.0.1,hsaraujo/sfdx-vlocity-delta-package,295
stylecow,7.4.0,stylecow/stylecow,294
crawler-node,1.0.3,nick121212/crawler-node,294
tsreact-darkreader,2.0.1,ezzio-salas/tsreact-darkreader,294
gatsby-plugin-svgr-loader,0.1.0,matheusdsmartins/gatsby-plugin-svgr-loader,294
gatsby-remark-images-datocms,0.1.2,datocms/gatsby-remark-images-datocms,294
sweet.js,3.0.15,sweet-js/sweet-shell,294
xenon-nacos-client,1.1.4,epoberezkin/fast-json-stable-stringify,294
node-mariner,0.3.1,radenkovic/mariner,294
vue-html-js,1.1.2,zhex900/vue-html-js,294
node-cli-timer,2.1.1,Restuta/node-cli-timer,294
scss-sprite,1.0.0,rc21net/Spriter,294
ember-print-this,2.0.0,LucasHill/ember-print-this,294
baked,0.3.0,prismicio/baked,294
firebase-modeling,1.1.0,poode/firebase-modeling,294
ddv-mustache,0.0.18,ddvs/ddv-mustache,294
grenjs,0.2.3,miklosme/gren,294
quadstore-sparql,6.0.0,beautifulinteractions/node-quadstore-sparql,294
ember-cli-htmlbars-minifier,2.1.0,BBVAEngineering/ember-cli-htmlbars-minifier,294
rerum-cloud,0.0.1,CenterForDigitalHumanities/rerum-cloud,294
ember-datetimepicker,5.0.1,kellyselden/ember-datetimepicker,294
gabswork-home,1.0.5,gabs-simon/home,294
plataforma-fundacao-componentes,2.24.2,Guvidaletti/plataforma-fundacao-componentes,294
ember-cli>1.13.5>bower,1.4.1,bower/bower,294
capacitor-resources,2.0.5,leopq/capacitor-resources,294
ember-cli-storybook-better,0.1.1,gabrielcsapo/ember-cli-storybook,294
scaffolding-nextjs,2.1.14,robksawyer/scaffolding-nextjs,294
yodyinfo-node,0.0.1,yodynetwork/yodyinfo/tree/master/yodyinfo-node,294
ember-cli-rollbar2,0.9.0,paulcwatts/ember-cli-rollbar,294
next-svgr,0.0.2,Anomen/next-svgr,294
azu,1.0.4,azu/azu,294
caici-data,1.7.2,iammvp/caici-data,294
lsi-soar,1.9.1,lsi-soar/lsi-soar,294
du-ui,0.1.3,dxaiu/dui,294
pm2-metrics-rr,1.0.34,irina05966/pm2-prometheus-exporter,294
koa-core-server,1.1.7,tttmaximttt/koa-core-server,294
testcafe-reporter-cucumber-json2,0.3.3,TareqElMasri/testcafe-reporter-cucumber-json,294
backpack-node-sass,0.9.0,Skyscanner/backpack-node-sass,294
blanker,1.0.8,lionlimon/blanker,294
sfdx-plugin-git-auto-manifest,1.0.0,Hendroix/sfdx-plugin-git-auto-manifest,294
tinker,0.0.4,kmalakoff/tinker,294
eslint-config-pitkane,0.5.0,pitkane/eslint-config-pitkane,294
eslint-plugin-freaktechnik,5.2.1,freaktechnik/eslint-configs,294
hexo-deployer-upyun,0.0.2,Menci/hexo-deployer-upyun,294
vtf-boilerplate,0.0.1,Physer/VTF-Boilerplate,294
cyclops,1.8.54,dot-event/cyclops,294
ember-cli-kss,0.1.2,nkgm/ember-cli-kss,294
photon-cli,1.2.4,photon-framework/cli,294
expo-exotic,0.0.0,expo/exotic,294
payments-server,1.1.1,samchon/payments,294
tacl,0.1.2,leocreatini/tacl,294
sidekick-david,1.1.2,sidekickcode/sidekick-david,294
graphql-ld-comunica,1.2.2,rubensworks/graphql-ld-comunica,294
sfdx-plugin2,0.0.12,virtualahmadraza/sfdx-plugin2,294
dbl-coins-invest,0.4.10,danduh/dbl-coins-invest,294
tibber-postgres,0.12.8,tibbercom/tibber-postgres,294
alfred-search-omnifocus,1.0.12,rhydlews/alfred-search-omnifocus,294
myweb3fs,0.3.5,Esteban-V/MyFS-sdk,294
change-case-management,1.0.0,nramyasri-sf/change-case-management,294
sfdx-metadata-splitter,4.0.0,Ziemniakoss/sfdx-metadata-splitter,294
sp-live-reload,4.0.0,koltyakov/sp-live-reload,294
micro-development-cli,0.1.2,micro-development/micro-development-cli,294
nhsm,0.2.1,anistark/nhsm,294
suzip,0.1.5,aliuq/suzip,294
ember-html-table-to-excel,3.2.1,ahmetemrekilinc/ember-html-table-to-excel,294
lucidy,0.12.0,gideaoms/lucidy,294
react-components-9dots,1.0.16,danleavitt0/react-components,294
haxelib,0.1.7,damoebius/haxe-npm-lib,294
varie-cli,0.6.11,variejs/varie-cli,294
setup-daily-work,0.0.1,sudongyuer/setup-daily-work,294
field.cli,0.1.9,SemkoDev/field,294
pwa-icon-generator,1.1.4,JacobDB/pwa-icon-generator,294
etcopydata,2.1.1,eltoroit/ETCopyData,294
trndymodel,1.0.14,bshack/trndyModel,294
cssmodeling,0.1.74,srouse/cssmodeler,294
qunitx-dom,0.0.1,simplabs/qunit-dom,294
qunit-dom,2.0.0,simplabs/qunit-dom,294
ember-sinon,5.0.0,csantero/ember-sinon,294
frostify-modal,1.0.0,ksroga/FrostifyModal,294
webpack-image-loader-as-react-component,1.0.4,rnarcos/webpack-image-loader-as-react-component,294
pi-apa102-video,0.3.0,SerafinTech/node-pi-apa102-video,294
eslint-config-bedframe,0.0.1,nyaggah/bedframe,294
lighthouse-dashboard-core,0.1.0,lighthouse-dashboard/core,294
dashkite-stardust,2.0.0,dashkite/stardust,294
xiaojiji,0.1.16,Logan676/Valine,294
jarvis-air,0.1.0,Darmody/Jarvis,294
prerender-firebase-cache,1.4.0,johnnybui/prerender-firebase-cache,294
react-simple-audio-player,2.0.0,asbetter/react-simple-audio-player,294
jwma-utils,1.0.1,MJW0923/jwma-utils,294
beef-flux-native,11.3.7,siosphere/beefjs,294
ln-patternlab,0.8.0,moxie-lean/ng-patternlab,294
biojs-io-gff,0.1.11,greenify/biojs-io-gff,294
bower-conflict,0.2.21,mejustme/bower-conflict,294
makeen-core,0.5.20,makeen-project/makeen/tree/develop/packages/core,294
ember-mask-input,5.0.2,ahmetemrekilinc/ember-mask-input,294
react-browser-notifications,1.0.14,knxyzkn/react-browser-notifications,294
node-light,2.0.14,ncodes/light,294
git-stalk,0.0.3,yg/git-stalk,294
scutage,0.0.7,ajcrites/scutage,294
soyie-cli,1.0.21,cevio/soyie-cli,294
primeng-schematics,9.0.4,andriy101/primeng-schematics,294
linkedout-front,1.27.1,ReseauEntourage/entourage-job,294
api-console,6.6.31,mulesoft/api-console,294
reax-ui,0.0.1104,Patrick-W-McMahon/reax-ui,294
react-uikit-web,0.3.1,mixslice/react-uikit-web,294
declare-react-module,1.13.0,KingHenne/declare-react-module,294
vuepress-theme-wjygrit,1.1.10,GRITWJY/WJYGRIT-BLOG,294
scaffolding-expo,1.0.2,robksawyer/scaffolding-expo,294
gulp-gfmtoconf,1.0.0,praveenpuglia/gulp-gfmtoconf,294
grunt-gretchen2,0.0.2,noambenami/grunt-gretchen,294
book-monkey2-api,0.4.3,angular-buch/book-monkey2-api,294
baresoil-server,1.0.6,iceroad/baresoil-server,294
amf-shacl-node,2.0.0,aml-org/amf,294
entro-version,3.0.0,entrostat/entro-version,294
grunt-appc-utility,2.0.0,appcelerator/grunt-appc-utility,294
create-web-app,0.1.7,dangvanthanh/create-web-app,294
reewr-watchify,1.1.4,Reewr/reewr-watchify,294
react-redux-antd,1.0.0,Justin-lu/react-redux-antd,294
eslint-config-jamgg,1.0.2,piepacker/eslint-config-jamgg,294
pdbe-molstar,3.1.1,PDBeurope/pdbe-molstar,294
typexs-server,0.2.4,typexs/typexs-server,294
react-simplest-dropdown,1.0.4,beornborn/react-simplest-dropdown,294
md-links.francy,1.0.3,FRANCY15,294
ultracollider,1.1.0,ithaka/ultracollider,294
feedreader-website,1.0.2,feedreaderco/web,294
react-thailand-address-autocomplete,0.0.6,winChawakorn/react-thailand-address-autocomplete,293
shp2pbf,1.0.10,openjavascript/shp2pbf,293
react-simpletooltip,1.2.0,sergiocruz/react-simpletooltip,293
fume-cli,2.0.2,fumeapp/fume-cli,293
mochify,9.2.0,mantoni/mochify,293
png-glass,0.0.3,Kuroneko-io/png-glass,293
prettier-plugin-import-sanity,0.0.2,fabulascode/plugin-prettier-import-sanity,293
nodextjs,2.0.33,jhondavila/nodextjs,293
swaggerql,0.4.0,swaggerql/swaggerql,293
react-mailchimp-subscribe-forme,0.0.2,tawsbob/react-mailchimp-subscribe-forme,293
hazantip-badge,0.2.1,hazantip/NOT_AVAILABLE,293
gos-framework,1.1.4,thanhlcm90/gos-framework,293
vdoing,1.0.3,xugaoyi/vuepress-theme-vdoing,293
schema-sync-cli,1.0.1,muniperez/schema-sync-cli,293
eslint-config-droneentry,1.0.0,EQuimper/eslint-config-droneentry,293
epj-cli,0.1.0,nebulax2014/epj,293
prodperfect-testcafe,1.0.0,ProdPerfect/testcafe,293
nodefire-realtime,1.0.2,mayurchhapra/nodefire-realtime,293
eslint-config-abolkog,1.2.6,abolkog/eslint-config-abolkog,293
eslint-config-hedco,0.0.9,hedco-dev/eslint-config-hedco,293
tags-input-react,0.0.5,santhosh1392/tags-input-react,293
typescript-rest-fireauth,1.1.3,dylanwooters/typescript-rest-fireauth,293
eslint-config-aretecode,2.0.11,aretecode/eslint-config-aretecode,293
profile-modifier-plugin,1.0.8,seanrussell/profile-modifier-plugin,293
cherryx-ui,1.0.2,VV-UI/VV-UI,293
hapi-knex,0.0.3,iostat42/hapi-knex,293
c4builder,0.2.16,adrianvlupu/C4-Builder,293
simple-site-aggregate,0.0.19,Schaltstelle/simple-site-aggregate,293
jesse,0.5.0,jesse-ai/jesse,293
psv-esbuild,0.0.1,rickevry/create-react-app-esbuild,293
koa2frame,1.4.7,Jesno0/koa2frame,293
vuepress-theme-fullstack,1.0.0,longzhoufeng/vuepress-theme-fullstack,293
chainlink-eduction,1.0.6,oceanByte/chainlink-eduction,293
percollate,4.0.2,danburzo/percollate,293
aquatap,1.0.1,davidmarkclements/aquatap,293
derby-standalone-builder,0.1.1,dmapper/derby-standalone-builder,293
dripverse-cli,0.2.4,DripVerse/drip,293
uba-gui-build,0.0.1,tinper-uba/uba-build,293
xdata-utils-btools,1.1.7,Miazzy,293
patchbay-book,2.0.4,arj/patchbay-book,293
yb-automator,1.0.27,webpolis/yb-automator,293
ember-cli-bootstrap-datetimepicker,0.9.3,btecu/ember-cli-bootstrap-datetimepicker,293
vuepress-theme-ajwi,1.0.2,aj-wi/aj-theme-blog_vuepress,293
gulp-tinyimage,0.2.2,kimichowmein/gulp-tinyimage,293
hyperdrive-swarm,0.0.1,karissa/hyperdrive-swarm,293
hive-mvc-action,0.0.1,node-hive/hive-mvc-action,293
jsonapi-mock,1.4.41,Thomas-X/jsonapi-mock,293
tuya-mock,1.0.3,dustinmcbride/tuya-mock,293
imba-snowpack,0.0.8,imba/imba-snowpack,293
vuepress-theme-knowledge,0.1.0,aimeiyijia/vuepress-theme-knowledge,293
cockpit-type,0.1.2,MarcoDaniels/cockpit-type,293
ember-cli-custom-addons,1.0.0,BBVAEngineering/ember-cli-custom-addons,293
craco-esbuild,0.5.2,pradel/create-react-app-esbuild,293
ember-m3,6.0.1,hjdivad/ember-m3,293
student-toolkit,0.0.3,allnulled/student-toolkit,293
synepoc_library,0.1.5,pavan-synechron/POC_lib,293
twitch-mock-webhook-hub,0.3.9,Denu8thell/twitch-mock-webhook-hub,293
firebase-easy-query,1.0.1,MarcosToxqui/firebase-easy-query,293
ldnode,0.2.31,linkeddata/ldnode,293
mitm-play,0.10.3,mitmplay/mitm-play,293
homebridge-aedes,1.0.1,kevinkub/homebridge-aedes,293
git-quick-push,1.0.30,zqy233/git-quick-push,293
base64-upload-firebase,1.0.9,Zulhant/base64-to-firebase,293
ripple-discord-ts,3.3.0,AlphaRunic/Ripple,293
parse-server-firebase-auth-adapter,0.0.4,parse-server-modules/parse-server-firebase-auth-adapter,293
hk-ui,0.1.14,piluohen/hk-ui,293
vuepress-theme-roninwz,0.0.1,roninwz,293
express-systemjs-translate,5.0.0,Munter/express-systemjs-translate,293
camunda-cloud-kit,0.0.8,generative-arts/camunda-cloud-kit,293
nylira-2d-boilerplate,1.0.4,nylira/nylira-2d-boilerplate,293
easy-hiprint-print,1.0.5,xhg886/easy-hiprint-print,293
ember-base-form-validation,0.3.0,TRIPTYK/ember-base-form-validation,293
gulp-loopback-swagger-validator,0.0.3,yantrashala/gulp-loopback-swagger-validator,293
sitevision-scripts,0.4.4,strt/sitevision,293
vendors-app-worona,1.4.3,worona/worona-app,293
ember-unique-id-helper-polyfill,1.2.2,ctjhoa/ember-unique-id-helper-polyfill,293
firestore-port,1.0.3,ajays97/firestore-port,293
fcm-connector-prodio,0.0.6,ProdioDesignWorks/fcm-connector-prodio,293
jsullivan5,1.0.1,jsullivan5/complete-me,293
zhidian-cherry-cli,1.2.22,hitvalley/zhidian-cherry-cli,293
gengojs-default-pack,1.1.3,gengojs/gengo-pack,293
cloudtv-remote-proxy,1.3.18,active-video/remote-proxy,293
upyun-stream,1.0.2,gongzili456/upyun-stream-upload,293
vuepress-theme-vdocumenting,1.12.7,kevinzhwl/vuepress-theme-vdocumenting,293
cli-create-tool,1.0.7,luhaifeng666/create-cli-tool,293
gretchen2,0.0.3,noambenami/gretchen,293
adafruit-io,4.4.0,adafruit/adafruit-io-node,293
maky,0.1.0,Makay11/maky,293
ember-async-observer-polyfill,1.0.0,ember-polyfills/ember-async-observers-polyfill,293
react-editables,0.0.1,niwaa/react-editables,293
albi,4.0.0,vicanso/albi,293
slush-koa,0.0.4,zoei/slush-koa,293
marlowe-ts-sdk-beta,0.0.1,input-output-hk/marlowe-ts-sdk,293
cds-launchpad-plugin,1.0.8,geert-janklaps/cds-launchpad-plugin,293
pericles,0.0.0,aslattery/Pericles,293
hx-charts,1.15.17,cubeyou-team/hx-charts,293
all-patterns,1.0.1,deechris27/all_patterns,293
gitz,0.10.0,littlemooon/gitz,293
nautilus-nodejs-api-core,1.2.0,charleston10/nautilus-nodejs-api-core,293
vuepress-theme-weiyie,1.0.0,weiyie/vuepress-theme-weiyie,293
autopages-browserify,0.0.1,mathisonian/autopages-browserify,293
pkgdev,0.0.19,valleykid/pkgdev,293
dx-cop,0.0.12,dcathcart/dx-cop,293
react-device-display,2.0.5,Jonathanpz890/react-devices,293
ccnpm,3.2.1,CreditCloud/ccnpm,293
strudel-codemod,1.0.3,strudeljs/strudel-codemod,293
spidering,0.2.5,lincolnaleixo/spidering,293
mail-tram,0.0.1,rezen/mail-tram,293
ecoweb,1.1.4,Snoopyjoy/weroll,293
multi-clasp,1.0.0,Sypherio/multi-clasp,293
ts-force-gen,3.0.2,ChuckJonas/ts-force,293
powerbot-cli,2.0.2,maxtomczyk/powerbot-cli,293
scraper-copier,1.0.17,Behemoth11/scraper-copier,293
ch-scrape,0.19.3,muhamed-didovic/ch-scrape,293
react-tiny-tabs,0.1.2,nashio/react-tiny-tabs,293
apigiphy,0.1.4,Urucas/apigiphy,293
sxy-test,1.1.0,sxyhappy/test,293
gulp-imgr,1.0.0,kimichowmein/gulp-imgr,293
talksuite-cli,0.8.1,talksuite/talksuite-cli,293
what-is-happening,0.1.0,jedcn/what-is-happening,293
meshblu-oculus,1.1.0,octoblu/meshblu-oculus,293
obniz-cloud-sdk,1.1.0,obniz/obniz-cloud-sdk,293
wd-parallel,0.0.2,OniOni/parallel-wd,293
demo-helper,0.2.17,ksnyde/demo-helper,293
trustyle,0.1.0,TruRating/cloud-core-trustyle,293
vuepress-theme-loving,1.0.0,xunzhaotech/vuepress-theme-loving,293
vue-dev-server,2.0.4,paulpflug/vue-dev-server,293
comet-platform,1.2.0,comet-platform/comet-platform,293
react-is7-schedule,0.0.9,isaacseijas7/react-is7-schedule,293
osiecki-sfdx-plugins,0.2.2,osieckiAdam/osiecki-sfdx-plugins,293
slp-cli-wallet,3.2.1,Permissionless-Software-Foundation/slp-cli-wallet,293
third-party-license-generator,1.0.6,maomaoZH/tpl-generator,293
sfdx-notify,0.0.16,gavignon/sfdx-notify,293
mgs,1.0.6,mango-ict/mgs,293
ember-fusioncharts,2.1.0,fusioncharts/ember-fusioncharts,293
strapi-plugin-navigation-htg3,1.1.5,VirtusLab/strapi-plugin-navigation,293
entp-react-library,1.0.1,viveshCodes/entp-react-library,293
imagemin-blackbox,1.0.1,PrinceNet/imagemin-blackbox,293
raml-service,1.0.3,clotee/raml-service,293
eslint-config-vighnesh153,0.4.4,vighnesh153/vighnesh153-turbo,293
ionic-gulp-jade,0.1.26,grava/ionic-gulp-jade,293
ember-star-rating,3.0.0,vevix/ember-star-rating,292
ember-data-components,1.0.0,maanshamoon/ember-data-components,292
zing-relay,1.3.2,zingdom/zing-relay,292
b3-strace-parser,0.3.0,dannykopping/b3,292
ember-creditcard,1.0.1,mike-north/ember-creditcard,292
ember-aria-accordion,2.0.3,rajasegar/ember-aria-accordion,292
taskkit-scripts,0.0.6,firstandthird/taskkit-scripts,292
react-responsive-toolbar,0.1.1,gregchamberlain/react-responsive-toolbar,292
napi-headers,0.5.0,fraxken/napi-headers,292
js-e2e-express-mongo,1.0.0,diberry/js-e2e-express-mongo,292
foreverjs,1.1.264,tmuskal/foreverjs,292
angular-dev-logger,0.2.1,trustyoo86/angular-dev-logger,292
nowa-proxy,1.0.0,nowa-webpack/nowa-proxy,292
monorepo-mapper,1.0.5,crubier/monorepo-mapper,292
peerflixer,0.2.0,groupsky/peerflixer,292
godspeed-crud-api-generator,1.6.5,ashu17706/godspeed-crud-api-generator,292
yodle,0.0.7,shovelandsandbox/yodle,292
less-import,0.0.2,justpark/less-import,292
ember-fedora-adapter,1.0.0,OA-PASS/ember-fedora-adapter,292
matrix-appservice-irc,0.36.0,matrix-org/matrix-appservice-irc,292
ember-concurrency-async,1.0.0,chancancode/ember-concurrency-async,292
laura,0.0.0,egoist/laura,292
barbells,1.4.0,YizYah/barbells,292
gemini-optipng,2.0.0,gemini-testing/gemini-optipng,292
plivo-kunal,4.0.4,plivo/plivo-node,292
ember-float-label,3.0.0,pdud/ember-float-label,292
laravel-elixir-angular-js,1.0.1,luigi22/laravel-elixir-angular,292
ember-pure,1.0.1,mike-north/ember-pure,292
ember-cli-videojs-record,1.0.9,devotox/ember-cli-videojs-record,292
ember-smart-input,1.0.11,rajasegar/ember-smart-input,292
a11y-announcer,3.0.0,ember-a11y/a11y-announcer,292
ember-global-loader,1.0.0,RvltDigital/ember-global-loader,292
ember-data-json-transform,3.0.0,PrecisionNutrition/ember-data-json-transform,292
ember-lazy-mount,0.8.0,buschtoens/ember-lazy-mount,292
ember-noop,1.0.1,NullVoxPopuli/ember-noop,292
grunt-ipfs,0.1.2,SafeMarket/grunt-ipfs,292
oi-app,1.0.1,steamship-core/oi-app,292
json-bourne-sfdx,0.1.1,realestate-com-au/json-bourne-sfdx-cli,292
ember-onbeforeunload,2.0.0,jasonmit/ember-onbeforeunload,292
starmine-login,1.4.7,inkkk0516/starmine-login,292
unicial-crypto,1.0.0,unicial/unicial-crypto,292
fetch-mock-jest-tobilen,1.2.3,wheresrhys/fetch-mock-jest,292
react-uikit-typeahead,1.0.10,Azayzel/react-uikit-typeahead,292
ember-cp-validated-control,0.0.2,nathancharles/ember-cp-validated-control,292
cardano-express-web3-skeleton,1.1.0,jmagan/cardano-express-web3-skeleton,292
ember-concurrency-ts,0.3.1,chancancode/ember-concurrency-ts,292
eflex-ember-cli-toggle,1.0.6,eflexsystems/ember-cli-toggle,292
aem-clientlib-webpack-plugin,1.6.0,samunplugged/aem-clientlib-webpack-plugin,292
hapi-webpack-hot-middleware,2.0.0,prashaantt/hapi-webpack-hot-middleware,292
anyproxyplus,3.10.5,huanghaiyang/anyproxy-plus,292
cpuabuse-app,0.2.2,cpuabuse/node-app,292
ember-fetch-request,1.0.4,prysmex/ember-fetch-request,292
yearn,2.3.1,doctorrustynelson/yearn,292
remotify,0.1.5,mvila/remotify,292
ember-cli-raygun,1.3.0,mindscapehq/ember-cli-raygun,292
ember-a11y-landmarks,2.0.0,MelSumner/ember-a11y-landmarks,292
ember-storages,1.0.0,BBVAEngineering/ember-storages,292
ember-alerter,2.1.0,BBVAEngineering/ember-alerter,292
mo-dx-plugin,0.3.2,ForceProjects/mo-dx-plugin,292
proskomma,0.9.3,mvahowe/proskomma-js,292
chrome-launcher-server,1.0.1,wenjunxiao/chrome-launcher-server,292
sassdoc-utils,0.1.0,pascalduez/sassdoc-utils,292
ember-basic-template-helpers,0.3.1,abueloshika/ember-basic-template-helpers,292
ember-accordion,0.7.0,khorus/ember-accordion,292
ember-mocha2,1.0.1,yads/ember-mocha,292
habibi,0.0.1,lirbank/habibi,292
laravel-elixir-angular,1.0.1,HRcc/laravel-elixir-angular,292
ember-argument-decorator,0.3.2,abel-n/ember-argument-decorator,292
meshblu-google-vision,1.0.4,octoblu/meshblu-google-vision,292
react-message-router,1.1.2,knxyzkn/react-message-router,292
bubbles-server,0.1.2,nicola/bubbles-server,292
react-automation-profiler,0.10.0,rpivo/react-automation-profiler,292
ember-uuid,2.1.0,ivanvanderbyl/ember-uuid,292
project-butler,0.7.0,activenode/project-butler,292
catro-eixos-swagger,3.1.0,prefapp/catro-eixos-swagger,292
micro-api,0.2.0,possibilities/micro-api,292
ember-cli-css-helpers,1.0.1,onehilltech/ember-cli-css-helpers,292
server-file-sync,1.6.15,yayaluoya/server-file-sync,292
matrix-appservice-mumble,0.2.0,mymindstorm/matrix-appservice-mumble,292
skuid-sfdx,0.4.0,skuid/skuid-sfdx,292
wyw-test789,1.1.1,xiaoxiaoaobama/wyw-test789,292
ember-qunit-custom-assertions,2.0.1,shibulijack-fd/ember-qunit-custom-assertions,292
pass-ember-adapter,0.1.0,eclipse-pass/pass-ember-adapter,292
trusted-jwt-express-middleware,0.0.1,sharongrossman/trusted-jwt-express-middleware,292
ember-intl-errors,0.0.2,Mifrill/ember-intl-errors,292
ember-cli-element-closest-polyfill,0.0.2,miguelcobain/ember-cli-element-closest-polyfill,292
nextjs-typescript-styled_components-jest-testing_library,1.0.0,celikmus/nextjs_starter-typescript-styled_components,292
next-mdx-toc,0.1.3,shadcn/next-mdx,292
ember-addon-starterkit,0.3.0,rajasegar/ember-addon-starterkit,292
ember-performance-tracking,1.0.0,spham92/ember-performance-tracking,292
react-api-fetch-component,0.1.3,CocoJr/react-api-fetch-component,292
laravel-elixir-postcss,0.5.0,tureki/laravel-elixir-postcss,292
buildci,0.4.3,FogChainInc/BuildCI,292
react-logbook,1.0.1,sergiocruz/react-logbook,292
elm-ordeal,0.0.5,pauldijou/elm-ordeal-cli,292
webex-node-bot-framework,2.5.0,webex/webex-node-bot-framework,292
egg-rpc-generator,1.3.1,eggjs/egg-rpc-generator,292
ember-cli-honeybadger-io,2.3.0,Fatsoma/ember-cli-honeybadger-io,292
ftl-server,1.1.25,szmtcjm/ftl-server,292
ember-bootstrap-nav-link,1.0.1,zoltan-nz/ember-bootstrap-nav-link,292
frog-cmd,1.2.6,super-frog/frog-command,292
ember-radio-buttons,5.0.0,stonecircle/ember-radio-buttons,292
textlint-rule-preset-goodbyte-styleguide,0.1.2,GoodbyteCo/Styleguide,292
dat-list,1.0.0,joehand/dat-list,292
ember-esri-loader,4.1.1,Esri/ember-esri-loader,292
ember-phoenix-channel,0.5.20,kagemusha/ember-phoenix-channel,292
semo-plugin-repl-npm,1.1.0,semojs/semo-plugin-repl-doc,292
coc-sol,0.0.3,qiuxiang/coc-sol,292
ember-env-helper,0.0.2,bekzod/ember-env-helper,292
ember-responsive-tabs,1.0.7,rajasegar/ember-responsive-tabs,292
intj,0.0.2,elonvolo/intj,292
paeckchen-cli,0.4.2,paeckchen/paeckchen-cli,292
ember-aria-switch,2.1.0,rajasegar/ember-aria-switch,292
react-uikit-multiselect,1.0.13,Azayzel/react-uikit-multiselect,292
scientific_calculator_light_dark,0.1.14,sajadab/calculator,292
wireframe-ui,0.1.0,pajtai/wireframe,292
pallies,0.7.2,frxnz/pallies,292
llm-node,1.1.7,RenatoXSR/llm-node,292
simple-changeset,2.1.1,mathwall/changelog,292
ember-dark-mode,0.0.5,hogansghost/ember-dark-mode,292
ember-data-array-transform,3.0.0,PrecisionNutrition/ember-data-array-transform,292
chromium-bin,1.0.3,kevva/chromium-bin,292
node-red-contrib-socketcan,1.2.9,grodansparadis/node-red-contrib-socketcan,292
ember-paper-link,1.1.0,Subtletree/ember-paper-link,292
iris-cms-cli,1.0.2,aqualaguna/Iris-CLI,292
ember-query-selector-helper,0.2.0,PrecisionNutrition/ember-query-selector-helper,292
ember-handy-globals,0.0.2,betocantu93/ember-handy-globals,292
ember-simple-set-helper,0.1.2,pzuraq/ember-simple-set-helper,292
fis3-optimizer-img-compressor,0.1.3,dxinef/fis3-optimizer-imgCompressor,292
ember-railio-convert-unit,0.0.22,Fabriquartz/ember-railio-convert-unit,292
torii-azure-ad2-provider,1.0.5,erikap/torii-azure-ad2-provider,292
nestjs-swagger-converter-cloud-endpoint,1.0.6,fosk06/nestjs-swagger-converter-cloud-endpoint,292
ember-cli-shrug,1.1.0,blimmer/ember-cli-shrug,292
ember-text-measurer,0.6.0,cibernox/ember-text-measurer,292
codingame-connector,0.7.1,woshilapin/codingame-connector,292
create-fx-app,0.0.15,FoundingHQ/fx,292
20ful,0.3.5,punund/20ful,292
report-type-sorter,0.0.3,jesuRule/reportTypeSorter,292
aem-clientlib-webpack-plugin--with-sling-option,1.7.0,iamkumaran/aem-clientlib-webpack-plugin--with-sling-option,292
ember-could-get-used-to-this,1.0.1,pzuraq/ember-could-get-used-to-this,292
ember-data-numerical-date-transform,3.0.0,PrecisionNutrition/ember-data-numerical-date-transform,292
ember-layout,2.0.1,RvltDigital/ember-layout,292
sync-cli,0.1.2,barend-erasmus/sync-cli,292
ryanr,6.3.2,jampunkramadhan/NPM-docs,292
ember-credit-cards,1.5.0,arenoir/ember-credit-cards,292
ng2-aryanet-core,1.0.16,andcoir/ng2-aryanet-core,292
node-dat-archive,2.2.0,beakerbrowser/node-dat-archive,292
ember-cli-inline-template-only-components,0.0.3,lifeart/ember-cli-inline-template-only-components,292
team-atf-2,2.1.0,corazoncary/fca,292
fca-ali,3.0.9,corazoncary/atf,292
qili,2.2.12,lalalic/qili,292
ngdrupalgap,1.0.0,marthinal/ngDrupalGap,292
chipp-sfdx-plugins,0.1.1,ctchipps/chipp-sfdx-plugins,292
ember-argument-types,1.1.0,pzuraq/ember-argument-types,292
easy-print,1.0.16,Haru1990/easy-print,292
rui-codemods>1.0.5>jscodeshift,0.7.0,facebook/jscodeshift,292
gulp-pngmin,0.2.1,nariyu/gulp-pngmin,292
ember-cli-page-progress,2.0.0,tigressbailey/ember-cli-page-progress,292
eslint-config-you-react,1.0.1,YQAQ/eslint-config-you-react,292
glace-web,1.4.0,glacejs/glace-web,292
gulp-spawn-xcodebuild,1.0.3,llun/gulp-spawn-xcodebuild,292
jscodeshift-extra,1.0.2,rajasegar/jscodeshift-extra,292
rawt,0.1.0,Xananax/rawter,292
chili-paper,1.0.1,shakedlokits/chili-paper,292
gupy-api-factory,0.0.1,gupy-io/gupy-api-factory,292
eslint-config-scozdev,1.0.0,scozdev/eslint-config-scozdev,291
ember-yuidoc-codemod,0.1.0,doctorless/ember-yuidoc-codemod,291
seneca-views,0.3.7,sax1johno/seneca-views,291
folderify2,2.0.0,bcomnes/folderify2,291
react-reused-components,0.5.7,truptigaonkar/react-reused-components,291
docto,1.1.3,i5ting/docto,291
foxtrel-command-install,0.1.1,qzhongyou/foxtrel-commend-install,291
maker-7z-sfx,1.0.3,mrawdon/maker-7z-sfx,291
react-render-props-components,1.0.5,Tete1805/react-render-props-components,291
comet-dev,0.3.5,comet-dev/CometJS,291
getanchor-common-lib,1.0.0,getanchor-co/common-lib-typescript,291
vanessa,1.6.5,rikumi/vanessa,291
isoptera,0.1.0,insales/isoptera,291
bbdoc,4.1.0,keirbowden/LDNSCall2020Plugin,291
realm-migrator-cli,0.0.3,gonza-lito/realm-migrator-cli,291
webpack2-ejs-render-loader,1.2.0,gsanjairaj/webpack2-ejs-render-loader,291
web-sparkle,1.0.1,christinecha/web-sparkle,291
caict-iot,1.0.3,0fan/iot,291
express-mincer-spa,0.2.10,naxmefy/express-mincer-spa,291
innovash-component-button-react,0.0.3,shihao92/component-button-react,291
react-dynamic-dropzone,1.0.8,overthinker29/react-dynamic-dropzone,291
runkit-scripts,0.0.3,firstandthird/runkit-scripts,291
fsm-facade,1.0.2,moraispgsi/fsm-facade,291
assemble-core,0.31.0,assemble/assemble-core,291
react-circular-slider-bar,1.3.1,alexsyo/react-circular-slider-bar,291
react-placeimg,0.0.3,chakas/react-placeimg,291
react-omni,0.0.1,brianneisler/react-omni,291
react-input-label,1.0.3,chancehl/react-input-label,291
tobot,0.0.3,GGonryun/to/tree/master/packages,291
mb-sp-deploy,1.0.8,mourabraz/sp-deploy,291
react-js-spatial-navigation-swapnil,1.0.0,swapnil-chaudhari/react-js-spatial-navigation,291
seedmockdata,0.0.6,Projects/testdata,291
babel-standard,0.2.0,julien-f/babel-standard,291
inline-react-style,0.8.0,jonkemp/inline-css,291
ionizer,2.0.1,cdaringe/ionizer,291
mocha-gulp-watcher,2.2.0,azmenak/mocha-gulp-watcher,291
img-compress-loader,0.2.0,dickeylth/img-compress-loader,291
dockercon-pulumi-redis,0.1.0,swgillespie/dockercon18,291
slush-fullbar,1.1.5,brunoalv-s/slush-fullbar,291
react-simplest-pagination,1.0.2,beornborn/react-simplest-pagination,291
generator-distributions-io,0.1.2,distributions-io/generator-distributions-io,291
gaffa-grab-drop,2.0.3,KoryNunn/gaffa-grab-drop,291
card-valid,1.0.0,CamilaBueno/Card-Valid,291
eslint-config-wiremore,4.0.0,wiremore/eslint-config-wiremore,291
topology-gcf,0.8.6,XXM-cf/topology-gcf,291
ace-core,1.1.1,daisy/ace,291
ahmader-vuepress-theme,1.0.2,ahmader/vuepress-theme,291
babel-plugin-css-modules,0.0.6,mini-eggs/babel-plugin-css-modules,291
rn-cli,0.0.2,zero-g/rn-cli,291
login-vue3,0.2.0,vaishali-ezee/test-project,291
happner-tests,0.0.1,happner/happner-tests,291
eslint-config-breathelife-web,2.1.0,getbreathelife/eslint-config-breathelife,291
wetland-cli,1.1.2,SpoonX/wetland-cli,291
react-polar-clock,1.0.3,kvasbo/react-polar-clock,291
md-links-my,1.0.2,Myriam555/LIM17-md-links,291
cabbot,1.0.0,jakswa/cabbot,291
sensor-station,0.0.2,evanxd/js-station,291
react-vk-auth-window,0.0.12,Nekekys/react-vk-auth-window,291
react-vk-auth,0.0.2,canmeepo/react-vk-auth,291
generator-doc-metrix-doc,0.0.0,doc-metrix/generator-doc-metrix-doc,291
v-cloud,2.0.0,realglobe-Inc/v-cloud,291
seven-segment-counter,1.1.19,codemasa/sevensegmentcounter,291
grunt-pngdrive,0.0.2,xperiments/grunt-pngdrive,291
sfdx-stools,0.4.3,pdbsewell/sfdx-plugins-stools,291
conversor-algarismos,1.0.0,CamilaBueno/Conversor-Algarismos,291
cloudhopper,2.0.1,VdoCipher/cloudhopper,291
threat-admin,1.18.0,d2-projects/d2-admin,291
react-time-range-picker,1.4.0,AlexanderCollins/react-time-range-picker,291
citycontext-ui,1.1.1,citycontext/citycontext-ui,291
joephon,0.0.1,joephon/joephon-web-utils,291
react-scheduling,1.1.2,karenapp/react-scheduling,291
pagehop,1.2.2,pagehop/npm-pagehop,291
react-ui-stepper,1.0.1,niwaa/react_stepper,291
monodeploy,4.0.1,tophat/monodeploy,291
react-read-more-read-less,1.0.7,giatro/react-read-more-read-less,291
ebuild-cli,0.2.7,theajack/ebuild-cli,291
pm2-process-comm,0.0.2,sunkeysun/pm2-process-comm,291
serve-bin,0.0.1,vinsonchuong/serve-bin,291
ember-cli-deploy-brotli,0.3.0,mfeckie/ember-cli-deploy-brotli,291
tilapiafy,3.0.0,ClaudioFuriniJr/tilapiafy,291
ember-cli-lightning-design-system,0.0.34,jonnii/ember-cli-lightning-design-system,291
nashorn-babel-polyfill,0.2.7,shendepu/nashorn-polyfill,291
jtb.hotels,1.0.8,muerwre/jtb,291
canducci-input,0.0.3,fulviocanducci/canducci-input,291
react-image-capture,0.0.1,kepi74/react-image-capture,291
crawlab-ui,0.6.1,crawlab-team/crawlab-ui,291
random-word-by-letter,1.0.3,deanilvincent/random-word-by-letter,291
simple-react-mathjax,0.2.7,nikilarigela/simple-react-mathjax,291
beerkit,1.0.5,asayuki/beerkit,291
palmettoflow-pouchdb-svc,1.0.3,twilson63/palmettoflow-pouchdb-svc,291
conventional-release,1.0.2,gsikorski/conventional-release,291
innovash-component-input-react,0.0.1,shihao92/component-input-react,291
hyperdrive-nested-archive,0.4.0,poga/hyperdrive-nested-archive,291
generator-doc-metrix-node,0.3.2,doc-metrix/generator-doc-metrix-node,291
react-js-spatial-navigation-sunit,0.0.13,sunit-saavn/react-js-spatial-navigation,291
thing-it-model-2,1.0.7,thing-it/thing-it-model-2,291
sfnick,0.0.5,nicholasglesmann/sfnick,291
gulp-atom-bundle,1.0.2,ricardocasares/gulp-atom-bundle,291
styled-as-components,0.1.0,danielrob/styled-as-components,291
react-table-fixed-column-header,1.2.0,heiisenberrg/react-table-fixed-column-header,291
all-that-sass,1.0.9,ironboy/all-that-sass,291
react-ctx-state,0.1.4,MaxC24/react-ctx-state,291
rschema,1.0.2,AlphaSpectrum/rschema,291
raaghu-react-elements,0.9.0,Wai-Technologies/raaghu-react,291
react-circular-selector,0.1.2,MaxC24/react-circular-selector,291
raiden-ts,3.1.1,raiden-network/light-client,291
react-object-editor-mui,1.0.3,Vouzamo/ReactObjectEditor,291
tile-extrude-webpack-plugin,1.2.0,laineus/tile-extrude-webpack-plugin,291
adm,0.2.2,taoyuan/adm,291
jasg,0.0.11,angga2oioi/jasg,291
msfeature,0.0.2,ctrees/msfeature,291
evergreen,0.3.2,mongodb-js/evergreen,291
zombiebox-demo,2.0.2,interfaced/zombiebox-demo,291
react-carbon,1.0.7,Brydom/react-carbon,291
kerplunk-server,0.1.12,brianshaler/kerplunk-server,291
pmp-be-api,0.0.5,paolo-chiabrera/pmp-be-api,291
accedx,0.0.13,Petr-Lazecky/accedx-salesforce-sfdx-plugin/accedx-salesforce-sfdx-plugin,291
wac-ldp,1.3.0,michielbdejong/wac-ldp,291
clientkit-scripts,0.0.2,firstandthird/clientkit-scripts,291
react-mongoose-form-maker,0.0.2,aluzed/react-mongoose-form-maker,291
react-coord-compass,1.0.1,fengelz/react-coord-compass,291
sitio,3.2.0,fiatjaf/sitio,291
bitcoinjs,0.2.8,bitcoinjs/bitcoinjs-server,291
kit-iot-4g,2.8.0,telefonicadigital/kit-iot-4g,291
bb-crawler,1.3.4,bqxu/bb-crawler,291
sfdx-changeset,0.1.0,loganm/sfdx-changeset,291
best-image,2.0.2,timvracer/best-image,291
mpa-bridge-dom,1.2.0,qzjgithub/mpa-bridge-dom,291
sfdx-notifications,2.2.0,Ziemniakoss/sfdx-notifications,291
react-carousel-dots,0.1.0,fulopdaniel/react-carousel-dots,291
pipi-platform-ui,0.1.10,youzan/vant,291
ember-cli-deploy-github-deployment-status,1.1.0,achambers/ember-cli-deploy-github-deployment-status,291
leaistic,1.3.1,nearform/leaistic,291
jspm-node,0.1.1,vinsonchuong/jspm-node,291
svrx-ui,0.1.1,svrxjs/svrx-ui,291
typespec-csharp,0.2.0,Azure/autorest,291
eslint-config-shortlyster-ts,1.0.2,Shortlyster/eslint-config-shortlyster-ts,291
node-red-contrib-pi-hole-remote,0.6.1,naimo84/node-red-contrib-pi-hole-remote,291
ans-node-sdk,4.0.6,analysys/ans-node-sdk,291
jpop,2.0.0,JoshuaJamesOng/jpop,291
roam-swagger-mock-server,1.0.7,Roamltd/swagger-mock-server,291
vuepress-theme-asgar,0.1.0,stefanbc/vuepress-theme-asgar,291
uc-react-portal-wrap,2.0.0,University-Of-Cincinnati/react-portal-wrap,291
jtb.flights,1.0.8,muerwre/jtb,291
sfdx-npm,0.0.31,LukeKoz/sfdx-npm,291
radium-component,0.4.0,grant/radium-component,291
react-functional-component,0.0.2,jurgob/react-functional-component,291
grunt-systemjs-pluginbuilder,0.1.1,moccu/grunt-systemjs-pluginbuilder,291
google-calendar-day-picker,0.0.3,martinpastore/google-calendar-day-picker,291
cache-redis-fg,1.1.2,fang-guang/cache-by-redis,291
hazel-ui,0.4.4,hazel-ui/hazel-ui,291
mu-jquery-app>11.0.0>mu-jquery-widget>standard-version,2.4.0,conventional-changelog/standard-version,290
screwdriver-queue-worker,2.10.1,screwdriver-cd/queue-worker,290
common-style,3.1.0,indexzero/common-style,290
taskio-cli,0.0.7,Pimex/taskio-cli,290
smartcrop-tracking-cli,0.0.0,jwagner/smartcrop-cli,290
apipost-grpc,0.0.16,Apipost-Team/apipost-grpc,290
bootstrap-email_with-node-sass-6,1.1.2,christianhugoch/bootstrap-email,290
bedandcare,0.0.0,helloiampau/bedandsomething,290
stylezero,2.3.0,indexzero/styleguide,290
charp,0.23.1,indooorsman/harp,290
koa2-proxy,1.1.7,laomu1988/koa-proxy,290
rinuts-nodeunitDriver,0.0.3,urigolani/rinuts-NodeunitDriver,290
newsroom-cli,0.1.11,kpman/newsroom,290
making-cli,1.0.3,shadowings-zy/making-cli,290
targettanks,2.0.0,foxr1/targettanks,290
youtube-stalker,1.0.0,rayyreall/Youtube-Stalker,290
babel-preset-ivan,0.3.2,IvanPeng2015/babel-preset-ivan,290
image-compress,0.0.3,o2team/image-compress,290
creative-bot-2,2.0.1,Devtography/electron-react-typescript-webpack-boilerplate,290
ten-ply-crest,1.0.0,nextorigin/ten-ply-crest,290
gulp-vuize,0.0.4,zakuro9715/gulp-vuize,290
flamestore,1.0.87,aabccd021/flamestore,290
ci-pilot,1.9.1,ultm8soulja/ci-pilot,290
limon-design,0.1.3,zhaochuan1992/limon-design/tree/master,290
fis-sm,0.5.3,maoshuyu/fis-sm,290
sfdx-data-deploy-plugin,2.5.3,georgwittberger/sfdx-data-deploy-plugin,290
media-query-splitting-plugin,2.0.10,mike-diamond/media-query-splitting-plugin,290
ember-cli-bar-view,1.0.0,chauhansudhir/ember-cli-bar-view,290
phpmorphy,2.3.2,antixrist/node-phpmorphy,290
purplehaze,0.1.1,aexol-studio/purplehaze,290
anux-server,0.1.7,Anupheaus/anux-common,290
nodebb-plugin-session-sharing-gaia-project,5.1.3,julianlam/nodebb-plugin-session-sharing,290
jpegoptim-stream,2.0.1,papandreou/node-pngquant,290
eslint-config-celebrate,0.5.1,celebrate-app/eslint-config-celebrate,290
qserver,0.1.8,dsilva2401/qServer,290
coconut-embed-js,0.2.2,coconutcalendar/coconut-embed-js,290
neo4j-graphql-server,0.1.1,michaeldgraham/neo4j-graphql-server,290
graphiql-ui,0.4.0,faazshift/graphiql-ui,290
fatigue-react-babel,0.3.0,amadormf/fatigue-react-babel,290
pngquant-loader,1.0.0,HMUDesign/pngquant-loader,290
sqlpad,3.1.0,rickbergfalk/sqlpad,290
ember-cli-deploy-git-revision-data,1.0.0,achambers/ember-cli-deploy-git-revision-data,290
cra-dva-ast,0.0.7,littlepoolshark/dva-ast,290
ember-cli-sass-lint,1.0.5,sir-dunxalot/ember-cli-sass-lint,290
habboapi,0.1.2,billsonnn/habboapi,290
primeobjects-ui-web-realtime,1.0.52,dou-hub/primeobjects-ui-web-realtime,290
shredbeat,0.0.2,miguelmota/shredbeat,290
middlemen,0.2.5,El-Dringo-Brannde/Middlemen,290
create-strv-app,2.0.2,prichodko/create-strv-app,290
cafe-browser,0.1.5,creatorrr/cafe-browser,290
chinaal,1.0.1,openjavascript/chinaal,290
next-svgr-react-component,1.1.1,Negan1911/next-svgr-react-component,290
jspm-bundler,0.1.11,crstffr/jspm-bundler,290
sfdx-experiences-plugin,1.0.1,georgwittberger/sfdx-experiences-plugin,290
systemjs-pluginbuilder,0.1.1,moccu/systemjs-pluginbuilder,290
node-bpg,1.0.0,thammin/node-bpg,290
hummingbird-node,0.3.1,chapmanu/hummingbird,290
linfan,1.0.5,0fan/linfan,290
backend-tpl-server,0.7.6,ufologist/backend-tpl-server,290
lobe-ui,1.0.0,lobehub/lobe-ui,290
record-wifi-speed,2.2.0,sievins/record-wifi-speed,290
hubot-wizards-duel,0.0.2,pwolfert/hubot-wizards-duel,290
it-cmd,1.0.10,yanxxit/cmd,290
vue-admin-components,0.1.23,lunhuihan/vue-admin-components,290
dashmaster,0.0.2,Lunik/DashMaster,290
ro-li-md-links,0.1.0,rosariowrobel/SCL013-md-links,290
ice-framework,1.0.0,hydrais/ice,290
food-server,1.2.3,Nykolyn/food-server,290
minecraft-manager,0.2.1,XGHeaven/minecraft-manager,290
explode-gif,0.0.5,pibeeckm/explode-gif,290
camouflage-server,0.13.0,testinggospels/camouflage,290
inject-sw,1.1.1,pallxk/inject-sw,290
gulp-edp-babel,1.0.0,ecomfe/gulp-edp-babel,290
nativescript-dev-sass,1.7.0,ToddAnglin/nativescript-dev-sass,290
spacey-standard,4.0.0,davidmarkclements/spacey-standard,290
sfdx-itraceflag,1.0.1,Isai-ds/sfdx-itraceflag,290
nodebb-plugin-session-sharing,7.1.2,julianlam/nodebb-plugin-session-sharing,290
gifsicle-stream-paras20xx,0.3.2,oohnoitz/node-gifsicle-stream,290
linter-jscs,3.4.3,AtomLinter/linter-jscs,290
laravel-elixir-6-phplint,1.0.0,huntwj/laravel-elixir-phplint,290
affinity-engine-data-manager-rewindable-lokijs,0.1.0,affinity-engine/affinity-engine-data-manager-rewindable-lokijs,290
es-thinkphp,0.0.10,51breeze/es-php,290
fsm-core,1.0.51,moraispgsi/fsm-core,290
microservice-toolkit,1.1.9,me-ventures/microservice-toolkit,290
api-ai-botkit,1.1.1,api-ai/api-ai-botkit,290
slideshow-generator,1.2.9,yusukeshibata/slideshow-generator,290
feather-s,1.0.9,feather-team/feather,290
playground-export,1.2.0,ntotten/lwc-playground-export,290
foscam-viewer,1.0.3,tizzo/foscam-viewer,290
gifsicle-lossy-stream,0.0.2,pedro-gutierrez/node-gifsicle-stream,290
skypager-features-lerna-adapter,37.5.0,skypager/skypager,290
foolish-prefix,1.0.0,perfectworks/foolish-prefix,290
mockserverjs,0.0.3,etoah/MockServer,290
o-update-npm,0.0.2,Originate/o-update-npm,290
vendors-dashboard-worona,1.4.0,worona/worona-dashboard,290
bng-react-lib,1.7.2,bonnv79/bng-react-lib,290
totoui,0.5.1,jiachitor/TOTO-UI,290
gddi-app-flow-pro,0.0.6,gddi-cn/gddi-app-flow,290
hot-sauce,1.0.7,GannettDigital/SpiceRack,290
leaflet-echarts3,0.1.0,wandergis/leaflet-echarts3,290
nyg-jam3,5.0.2,Jam3/nyg-jam3,290
cake-gulp,0.5.1,javascriptismagic/cake-gulp,290
fullstack-boilerplate,0.1.2,GabrielAlacchi/fullstack-boilerplate,290
webpack-dev-server-fork,2.4.9,shadowwzw/webpack-dev-server-fork,290
ojas-biz2credit,0.0.0,ojas7160/biz2credit,290
surveycat,1.0.0,icefox0801/SurveyCat,290
pm2-agent1,0.0.0,jiang19210/pm2Agent,290
ws-jsonrpc,0.0.1,koroandr/ws-jsonrpc,290
ember-contextual-table,4.0.3,tubitak-bilgem-yte/ember-contextual-table,290
storybook-svgr-react-component,1.0.1,Negan1911/storybook-svgr-react-component,290
arcgis-echarts3,0.1.0,wandergis/arcgis-echarts3,289
sfdx-leboff,1.9.0,leboff/sfdx-leboff,289
slush-joomla,1.3.3,welksonramos/slush-joomla,289
mzinsights-backend-utils,0.0.1,MZGermany/mzinsights-backend-utils,289
grouparoo,0.9.0,grouparoo/grouparoo,289
foundation-v2-litecoin,0.0.24,blinkhash/foundation-v2-litecoin,289
bot-fw-custom-actions-v8,1.0.0,,289
auto-fly,1.3.0,MrBluSky/auto-fly,289
proto-bot,0.3.2,davidsicher/proto-bot,289
terrahub,0.5.9,tfxor/terrahub,289
delta-sharing,0.0.1,goodwillpunning/nodejs-sharing-client,289
harmonika,0.2.0,semmatabei/harmonika,289
bright-components,10.2.7,brighthr/BrightComponents,289
hardhat-ldt,2.10.10,leduythuccs/hardhat,289
dxloader,1.0.1,oguzalp/dxloader,289
dochameleon,0.0.51,richardzcode/Dochameleon,289
begin-cli,0.2.0,jackie-gan/begin-cli,289
prayer-timetable,0.4.3,ench0/prayer-timetable,289
pragma-storage,1.2.4,PragmaWolf/pragma-storage,289
ptah,1.11.0,etcdigital/ptah,289
foundation-v2-evrmore,0.0.4,blinkhash/foundation-v2-evrmore,289
polygger,2.0.0,albertein/polygger,289
symfony-gulp,0.0.3,michaeldegroot/symfony-gulp,289
divvy-rest,1.6.0,xdv/divvy-rest,289
oneql-boilerplate-simple,1.0.8,oneqljs/oneql-boilerplate-simple,289
etsc-netstats,1.0.0,ethereumsocial/etsc-netstats,289
sfdx-gzg-plugin,0.0.6,zgajnarG/sfdx-gzg-plugin,289
foundation-v2-raptoreum,0.0.22,blinkhash/foundation-v2-raptoreum,289
dvax-ast,0.2.4,dvajs/dva-ast,289
react-multiselect-dropdown,2.0.1,light87/react-multiselect,289
calculator0612,1.0.0,shiprasingh06/calculator,289
party-youtube-downloader,2.4.5,nemanjan00/party-youtube-downloader,289
eslint-config-get-off-my-lawn,7.2.0,manovotny/eslint-config-get-off-my-lawn,289
koa-es-modules-webpack,0.2.1,laggingreflex/koa-es-modules-webpack,289
react-article-directory,1.0.2,zhangbinalex/react-article-directory,289
sugar-design,2.0.2,954053260/sugar-electron-cli,289
ubungsraum-osc-web-client,1.0.0,misterinterrupt/UbungsraumOSCWebClient,289
lesswork-framework,0.0.44,lessworkjs/framework,289
desilu,1.1.0,jkburg101/desilu,289
deriv-codemod,1.0.3,binary-com/deriv-codemod,289
foundation-v2-garlicoin,0.0.23,blinkhash/foundation-v2-garlicoin,289
vuekit-vue,0.0.34,johnsusek/vuekit,289
webpack-salesforce-plugin,1.0.1,nadrees/webpack-salesforce-plugin,289
hexo-tag-rage-face,1.0.1,xunnanxu/hexo-tag-rage-face,289
react-telegram-embed,0.1.1,cudr/react-telegram-embed,289
gatsby-source-amazon-wishlist,0.1.0,unobvious-technology/gatsby-source-amazon-wishlist,289
foundation-v2-peercoin,0.0.22,blinkhash/foundation-v2-peercoin,289
foundation-v2-bitcoin,0.0.24,blinkhash/foundation-v2-bitcoin,289
kodexa-widget,4.0.11,kodexa-ai/kodexa-widget,289
penguin-adinfo,1.0.0,DP6/penguin-adinfo,289
bcuploader,0.2.2,BrightcoveOS/evaporate-brightcove,289
eazydict,2.1.0,keenwon/eazydict,289
shopify-express-apm,1.0.0,Shopify/shopify-express,289
ember-ajax,5.1.2,ember-cli/ember-ajax,289
react-rich-markdown,1.0.1,mattecapu/react-rich-markdown,289
ember-cli-deploy-service-worker,0.1.3,mydea/ember-cli-deploy-service-worker,289
chenpeng-cli,0.0.8,cpnewobject/peng-cli,289
r-check,3.1.6,Zhuyi731/r-check,289
arjan-audit,0.5.2,arjan-tools/audit,289
gradebook_nelsoncolon,1.0.0,nelcolon/gradeBook,289
eslint-config-uatthaphon,1.0.0,uatthaphon/eslint-config-uatthaphon,289
gc-vue-cli,0.0.1,ddkan8/gc-vue-cli,289
serveko,0.1.2,OpenGG/serveko,289
ts-class-autobind,0.3.2,DavidArutiunian/ts-class-autobind,289
fluid-pouchdb,1.0.17,fluid-project/fluid-pouchdb,289
seed-bistro,0.2.1,helpscout/seed-bistro,289
sfbulk2api,0.0.1,salesforcecli/plugin-template,289
ember-cli-string-helpers,6.1.0,romulomachado/ember-cli-string-helpers,289
microbuild,0.0.1,matchlayer/microbuild,289
grunt-jspm,0.1.1,smallhadroncollider/grunt-jspm,289
rclnodejs-cli,0.3.1,RobotWebTools/rclnodejs-cli,289
jof,1.0.8,jameskyburz/jof,289
webpack-command,0.5.1,shellscape/webpack-command,289
east-netstats,1.1.0,east-coin/east-netstats,289
typewriter,9.0.0,segmentio/typewriter,289
standard-commit-2,3.8.0,takl95/standard-commit,289
strapi-plugin-comments-modified,2.0.4,VirtusLab-Open-Source/strapi-plugin-comments,289
tyhdevcli,1.0.0,taoyuhan894/compress-code,289
foundation-v2-firocoin,0.0.22,blinkhash/foundation-v2-firocoin,289
n8n-nodes-pageres,0.1.0,harshil1712/n8n-nodes-pageres,289
foundation-v2-vertcoin,0.0.22,blinkhash/foundation-v2-vertcoin,289
rollr,0.1.0,strues/rollr,289
foundation-v2-dash,0.0.24,blinkhash/foundation-v2-dash,289
normal-list-react,1.1.3,ZweiZhao/normal-list-react,289
biuxbiu-cli,0.2.0,biuxbiu/biuxbiu,289
grunt-pngmin,1.4.0,zauni/pngmin,289
elm-spec-runner,2.5.1,brian-watkins/elm-spec,289
easycc-cli,1.0.18,easy261925/easycc-cli,289
prettier-semi,1.0.1,bySabi/prettier-semi,289
react-native-lxh-cli,1.0.2,lxhRose/react-native-lxh-cli,289
qay-cli,1.0.3,qiaozhwen/qz-cli,289
blowsole,2.0.4,brightboahen/blowLog,289
libp2p-webrtc-circuit,0.1.3,dryajov/js-libp2p-webrtc-circuit,289
twilio-pbx,1.2.4,jmkim/twilio-pbx,289
gulp-typescript-angular,0.1.1,takeshi/gulp-typescript-angular,289
ember-template-assert,1.0.1,mainmatter/ember-template-assert,289
gatsby-theme-weather,0.1.2,josefaidt/gatsby-theme-weather,289
aurelia-cli-pacman,0.2.0,martonsagi/aurelia-cli-pacman,289
antd-vue-cli,0.2.6,DonnaLh/demo-components,289
teu-cli,1.0.1,zmGitHub/teu-cli,289
izakangular2-seed,0.0.1,irmana/catenate-starter-tasks-Izak88/tree/master/easy-starter,289
wee-master,0.0.4,Goofo/wee-master,289
win-win-vue-admin-template,1.0.0,Win-Win-Team/win-win-frontend-cli,289
as-paint,1.1.0,alphasights/paint,289
ng-bubble,0.1.4,sangupta007/ng-bubble,289
salak,1.0.14,SalakJS/salak,289
cryptostats,1.0.9,adeadavid/cryptostats-cli,289
isolex,0.11.0,ssube/isolex,289
erela,1.11.2,MohammedAl-Rowad/Erela,289
foundation-v2-dogecoin,0.0.23,blinkhash/foundation-v2-dogecoin,289
jsreport-azure-storage,1.2.0,jsreport/jsreport-azure-storage,289
test1dweb,1.5.6,hypercore-protocol/hypercore-cli,289
lerna-wod,2.8.0,Quadric/lerna,289
micro-ts-dev,0.1.1,tkuminecz/micro-ts-dev,289
gulp-module-bundle,0.0.2,ygm125/gulp-module-bundle,289
hatch-aframe-inspector,0.8.1,aframevr/aframe-inspector,289
foundation-v2-template,0.0.1,blinkhash/foundation-v2-template,289
vuepress-theme-lemon,1.0.0,funnycoderstar/vuepress-theme-lemon,289
create-vite-pwa,0.1.0,chromeos/create-vite-pwa,289
es2099,1.0.0,remixz/es2099,289
node-squarespace-server,0.5.44,NodeSquarespace/node-squarespace-server,289
libbpg-bin,1.0.4,thammin/libbpg-bin,289
counterfact,0.20.2,pmcelhaney/counterfact,289
foundation-v2-ravencoin,0.0.23,blinkhash/foundation-v2-ravencoin,289
eslint-config-zjlab,1.0.2,lidasong/eslint-config-zjlab,289
react-time-expiry,0.3.0,karkipy/react-time-expiry,289
color-test-template-cli,1.0.0,h5-template-organization/template-cli,289
x-vue-cli,0.3.0,withwyf/x-vue-cli,289
fugly-bits,0.0.1,pablo-cabrera/fugly-bits,289
backpack-web-get-new-brand,2.0.2,skyscanner/backpack-web-get-new-brand,289
vuepress-theme-liuli,1.1.0,liulxin/vuepress-theme-liuli,289
broccoli-pleeease,0.2.1,fredrikekelund/broccoli-pleeease,289
sof-json-rpc-infura,3.2.0,kumavis/sof-json-rpc-infura,289
react-atomic-comp,0.5.6,mlprajapati/atomic-react-comp,289
gia-gal,2.16.1,guillaumeai/gia-thumbsup,289
eslint-config-hardesty,6.1.1,zachhardesty7/eslint-config-hardesty,289
merc-cli,0.2.2,mercurywang/for-merc-cli,289
red-contrib-sunshine-conversation,0.9.2,ceujorge/node-red-metasix-smooch,289
radellite,0.0.1,onli/radellite,289
pragmatist>2.3.3>babel-cli,6.3.17,babel/babel/tree/master/packages/babel-cli,288
hyper-input-react,1.3.4,ZweiZhao/hyper-input-react,288
cwfont,1.1.6,chowa/cwfont,288
sfdx-connectedapp-plugin,1.5.0,kevanmoothien/sfdx-connectedapp-plugin,288
webforge-testing,1.3.0,webforge-labs/testing,288
danger-npx,1.0.0,danger/danger-js-npx,288
blissui,0.1.2,xyhcode/Bliss-UI,288
pull-selector-react,1.1.4,ZweiZhao/pull-selector-react,288
ember-cli-deploy-ink-pack,0.1.5,movableink/ember-cli-deploy-ink-pack,288
nodeplayer-plugin-weblistener,0.2.0,FruitieX/nodeplayer-plugin-weblistener,288
eslint-config-hazem-alabiad,0.0.11,hazem-alabiad/eslint-config-hazem,288
react-component-easy,1.0.6,holivin21/simple-react-component,288
gulp-stylefmt,1.1.0,morishitter/gulp-stylefmt/git,288
sfdx-djc-plugin,0.0.32,dcarroll/datatree,288
optimized-live-directory,1.0.2,mugendi/optimized-live-directory,288
abstract-object-storage,1.0.6,transitive-bullshit/abstract-object-storage,288
alfred-show-network-info,0.3.1,jeppestaerk/alfred-show-network-info,288
guhero-sfdx-helper,0.0.3,iguerini/guhero-sfdx-helper,288
mudur,0.0.1,sinan/mudur,288
node-red-contrib-uhppoted,1.1.3,uhppoted/node-red-contrib-uhppoted,288
eslint-config-web,0.17.0,relaxxpls/eslint-config-web,288
vuepress-theme-reco-ls,1.6.6,vuepress-reco/vuepress-theme-reco,288
ember-cordova-keyboard,0.0.9,isleofcode/ember-cordova-keyboard,288
sfdx-fmz-plugin,2.3.1,bconniff/sfdx-fmz-plugin,288
webp-converter-cli,0.0.5,hoipo/webp-converter-cli,288
playcanvas-tools,0.8.9,yushimatenjin/playcanvas-cli,288
super-control,1.0.10,shipeijing,288
eslint-config-tampan-lint,1.0.0,agungvr/nx-github-package-tampan,288
lighthouse-chromium-aws-lambda,2.0.11,btk/lighthouse-chromium-aws-lambda,288
mdlinks-areli10,1.0.0,arelia10/LIM017-md-links,288
upgrade-dependencies,1.0.1,chinmaymahajan/Upgrade-dependencies,288
gulp-phpunit,0.26.0,mikeerickson/gulp-phpunit,288
cloudbees-casc-server-plugin-ui,1.0.0,jenkinsci/cloudbees-casc-server-plugin,288
stalactite,0.0.5,allanhortle/stalactite,288
spike-datocms,2.4.1,static-dev/spike-datocms,288
simplest-sitegen,0.13.1,ciscoheat/simplest-sitegen,288
botkit-middleware-watson,2.2.0,watson-developer-cloud/botkit-middleware,288
eslint-config-wheelhouse,7.0.6,pricemethod/eslint-config-wheelhouse,288
hapi-webpack-dev-middleware,2.0.0,prashaantt/hapi-webpack-dev-middleware,288
gulp-companion,1.0.5,thecotne/gulp-companion,288
nestjs-push,0.1.4,peang/nestjs-push,288
nuby-express,2.2.0,bingomanatee/nuby-express,288
voila-service,0.1.7,mvila/voila,288
static-web-proxy,2.0.0,skunight/static-web-proxy,288
botpress-botkit,1.0.5,botpress/botpress-botkit,288
search-result-list-react,1.0.2,ZweiZhao/search-result-list-react,288
pkgsource,1.8.1,ffflorian/pkgsource,288
botkit-teamone,0.9.0,intellinote/sample-code,288
react-svg-icon-generator-standardmetrics,0.5.4,blueberryapps/react-svg-icon-generator,288
generator-graybullet-cordova,0.5.1,graybullet/generator-graybullet-cordova,288
sunmao-ui-rjsf-lib,0.0.2,webzard-io/sunmao-ui-rjsf-lib,288
waves-dev-cli,1.0.10,waves/waves-dev-cli,288
sfdx-plugin-easymerge,0.0.4,cmetz/sfdx-plugin-easymerge,288
duitku,0.0.7,duitkupg/duitku-node,288
record-crate,2.1.0,bcoe/record-crate,288
gamora,1.0.0,WilliamDASILVA/gamora,288
webpack-dev-server-friday-test,1.0.12,DMP92/test-webpack-webflow,288
grunt-gabarito,0.0.6,pablo-cabrera/grunt-gabarito,288
loopback-chai,2.4.0,InCuca/loopback-chai,288
coggle-opml-importer,0.0.2,Coggle/coggle-opml-importer,288
nodeplayer-plugin-partyplay,0.2.0,FruitieX/nodeplayer-plugin-partyplay,288
eslint-import-resolver-jspm,2.1.0,nfl/jspm-resolve,288
quexo,1.7.1,jianjunx/quexo,288
neutrino-preset-concise,0.40.1,ratson/concise-style/tree/master/packages/neutrino-preset-concise,288
sfdx-plugin-rmtk,0.1.3,scolladon-sfdc/sfdx-plugin-rmtk,288
waterline-to-json-schema,0.16.0,goliatone/waterline-to-json-schema,288
genius,0.0.2,cameronprattedwards/genius,288
gateblu-ui,3.6.16,octoblu/gateblu-ui,288
ngx-adminlte,0.9.3,zmlcoder/ngx-adminlte,288
metalsmith-html-linter,0.8.5,emmercm/metalsmith-html-linter,288
oca.js-vue,0.2.2,THCLab/odca-form,288
ember-crossfilter,0.2.5,Wildhoney/EmberCrossfilter,288
torrent-downloader-cli,1.0.4,MahbodHastam/torrent-downloader-cli,288
close-canvas-react,1.1.0,ZweiZhao/close-canvas-react,288
foundation-v2-zcash,0.0.22,blinkhash/foundation-v2-zcash,288
gakki-ast,0.0.2,DayDarkDark/gakki-ast,288
mcrn-expand,1.7.5,xuanmiao-zero/mcrn-expand,288
mako-serve,3.0.2,makojs/serve,288
safebot,2.0.0,cranndarach/safebot,288
eslint-config-pixiebrix,0.25.1,pixiebrix/eslint-config-pixiebrix,288
datasheet,1.2.0,wavedrom/datasheet,288
jest-runner-prettier,1.0.0,keplersj/jest-runner-prettier,288
wizzi-tools,0.7.7,wizzifactory/wizzi,288
freedom-portal,1.0.0,sebpiq/FreedomPortal,288
my-component-lib-react,2.0.0,swethaganapathysubramanian/my-component-lib,288
sfdx-navigator-from-setup,0.0.0,harishrmada/sfdx-navigator-from-setup,288
grunt-phantomflow,1.3.0,Huddle/grunt-phantomflow,288
siwc,1.0.5,mpoulhazan/siwc,288
cerebral-module-pouchdb,0.2.0,cerebral/cerebral-pouchdb,288
eslint-config-xeon,1.1.0,zhiqiangx/eslint-config,288
sfdx-waw-plugin,1.5.0,WadeWegner/sfdx-waw-plugin,288
nav-ally,1.5.1,navikt/nav-ally,288
react-numpad-helmac,4.1.3,gpietro/react-numpad,288
yyl-server,1.0.7,jackness1208/yyl-server,288
gilmoreg-nodesvc,0.1.8,gilmoreg/nodesvc,288
dgeni-alive,0.4.1,wingedfox/dgeni-alive,288
create-scratch,0.7.1,glaz-finance/create-scratch,288
happner,1.34.1,happner/happner,288
babel-preset-build-engine,2.0.1,sku146/babel-preset-build-engine,288
leeddhh,1.0.2,LeeDDHH/leeddhh,288
gatsby-theme-youtube,1.0.0,virenb/gatsby-theme-youtube,288
sails-generate-new-webpack-vue,0.2.0,tarrask/sails-generate-new-webpack-vue,288
bilbo,1.0.0,pablo-cabrera/bilbo,288
react-scrollable-appbars,0.1.3,kroniapp/react-scrollable-appbars,288
express-imgbb,2.0.1,JeHwanYoo/express-imgbb,288
fagougou-js-logger,2.3.1,fagougou/fagougou-js-logger,288
create-cabloy,3.0.2,zhennann/create-cabloy,288
parched,0.3.7,raisedmedia/parched,288
co-dispatchable,0.0.3,Naissur/co-dispatchable,288
jsonrawtoxlsx,1.0.8,syukronarie/jsontoxlsx,288
apex-nitro,5.0.2,OraOpenSource/apex-nitro,288
sfdx-dependency-plugin,2.0.1,baksale/sfdx-dependency-plugin,288
karma-angularity-solution,1.2.1,angularity/karma-angularity-solution,288
recently-updated,1.0.3,bmathews/recently-updated,288
kii-universal-ui,0.0.24,kii-universal/universal-ui,288
duitku-nodejs,0.0.8,mimamch/duitku-nodejs,288
number-input-react,1.0.4,ZweiZhao/number-input-react,288
eslint-config-foxsports,1.0.0,FoxSportsAustralia/eslint-config-foxsports,288
antlr4-webpack-loader,0.1.1,tianyu/antlr4-webpack-loader,288
mod_ko,1.4.0,jimmy-james/mod_ko,288
fca-anup-candy,10.0.1,AnupxAliya/Aliya,287
venice-ui,1.0.59,PixelCorn/venice-ui,287
brj-client-api,0.0.1,bianruanjian/client-api,287
meanio-custom,0.9.6,linnovate/meanio,287
strapi-plugin-content-manager-mock,3.7.0,MuhammadHasham23/strapi,287
fink-www,0.7.1,finkhq/fink-www,287
sfdx-logs-delete,1.0.1,jawills/sfdx-logs-delete,287
dante,0.2.7,ShogunPanda/dante,287
eslint-config-compono-ui-ts,3.0.0,Shortlyster/eslint-config-compono-ui-ts,287
purescript-ractive,0.1.4,brakmic/purescript-ractive,287
push-lewan,1.0.1,djsGeek/code-djs,287
sfdx-xy-plugin,0.0.7,exiahuang/sfdx-xy-plugin,287
orcs-design-system,2.1.21,orchestrated-io/orcs-design-system,287
ember-railio-grid,0.0.31,Fabriquartz/ember-railio-grid,287
documentation-theme-default,3.0.0,documentationjs/documentation-theme-default,287
eslint-config-wearewild,0.0.3,madebywild/config-eslint,287
eslint-config-polished,0.0.12,dvakatsiienko/turborepo,287
p3x-tools,2022.4.129,patrikx3/tools,287
base64-to-jpg,1.0.1,cainmaila/base64-to-jpg,287
countrystat-ui,1.0.1,FENIX-Platform-Projects/countrystat-ui,287
ssb-browser-core,14.0.0,arj03/ssb-browser-core,287
sfdx-flexi-plugin,28.0.0,gitfish/sfdx-flexi-plugin,287
codesandbox-example-links,1.1.0,featurist/codesandbox-example-links,287
azure-sp-tool,1.0.9,danhigham/azure-sp-tool,287
soulkit,1.2.0,guokaigdg/fmj-vue2,287
overlook-framework,0.8.6,overlookmotel/overlook-framework,287
meshblu-discovery-master,1.2.4,octoblu/meshblu-discovery-master,287
devour,1.6.0,konfirm/devour-gulp,287
kovai,0.0.5,mohan-chinnappan-b/kovai,287
react-web-config,1.0.0,tanhauhau/react-web-config,287
nexe-webpack-plugin,0.1.1,fmatzy/nexe-webpack-plugin,287
ember-cli-staticboot,0.1.3,robwebdev/ember-cli-staticboot,287
ms-phone,2.5.0,makeomatic/ms-phone,287
klaranet,0.0.5,github/hubot,287
my-static,2.0.0,uhyo/my-static,287
docbook,0.7.1,blenderskool/docbook,287
hexo-renderer-webpack-2,0.5.0,haydnhkim/hexo-renderer-webpack-2,287
stylelint-vars-check-less,0.0.4,chongqiangchen/stylelint-vars-check-less,287
gulp-tasks-azure-publish,1.0.14,nicoandresr/gulp-tasks-azure-publish,287
appworks-cli,16.7.4,opentext/appworks-cli,287
nypr-fastboot,0.8.0,nypublicradio/nypr-fastboot,287
ui-button,2.1.12,lifegadget/ui-button,287
rets,0.0.1,UsabilityDynamics/node-rets,287
html-component-loader,1.3.2,brezitsky/html-component-loader,287
browserify-brunch,1.7.3,mikew/browserify-brunch,287
git-secret-scanner,0.2.6,jsdtaylor/git-secret-scanner,287
azure-kusto-trender,0.0.9,Azure/azure-kusto-trender,287
sfdx-replace,0.0.8,phil-apexology/sfdx-replace,287
bbbookmarks,1.0.1,keirbowden/bbbookmarks,287
tayble,0.0.5,sach2211/tayble,287
eslint-config-ccb,0.12.0,carlosjeurissen/eslint-config-ccb,287
create-express-server,0.0.2,ofhouse/create-express-server,287
node-atlas,2.0.8,NodeAtlas/node-atlas,287
playlist-generator,1.3.2,benzhe/playlist-generator,287
sfdx-deploy-package-folders,0.1.4,phil-apexology/sfdx-deploy-package-folders,287
ros2-web-bridge,0.3.1,RobotWebTools/ros2-web-bridge,287
wml-coding-std,0.1.0,walmartlabs/wml-coding-std,287
gulp-cw-vue-app-pack,0.0.8,cloudwalk-projects/gulp-cw-vue-app-pack,287
rabbit,0.0.5,UsabilityDynamics/rabbit,287
vmw-sdk,1.1.0,apnex/vmw-sdk,287
capto,0.6.0,jamhall/capto,287
eslint-config-ts-kresnahendri,1.0.2,kresnahendri/eslint-config-ts-kresnahendri,287
yuan-cmd2amd,0.0.3,YounGoat/nodejs,287
node-mapnik-theme,0.0.3,mapnik/node-mapnik-theme,287
sth-ui,1.3.6,baoidl/sth,287
salesforce-profile-generator,0.0.8,todd-teese/salesforce-profile-generator,287
custom-firepad-toolbar,1.0.3,arthurflachs/custom-firepad-toolbar,287
ds-sfdx-plugins,0.0.0,dansadsf/ds-sfdx-plugins,287
ady-haraka,1.0.34,adarshasp87/Haraka,287
leeguoo-docaid,0.0.11,sorrycc/docaid,287
incremental-cli,0.0.1,incremental-sh/cli,287
typexs-base,0.4.23,typexs/typexs-base,287
themed-mui,0.1.7,kingspress/themed-mui,287
espruino-web-ide,0.75.2,Espruino/EspruinoWebIDE,287
react-intl-toolkit,0.0.3,zation/react-intl-toolkit,287
ct-drag-js,0.0.1,crosslight-appmissions/ct-drag-js,287
proxybroker,0.11.14,thinkbaer/node-proxybroker,287
groundline,0.0.19,aeravelo/aizer,287
bitbucket-codeinsights-reporter,0.5.0,ivorocha90/bitbucket-codeinsights-reporter,287
yogurt,0.1.0,fex-team/yogurt,287
ibm-openapi-validator,1.0.7,IBM/openapi-validator,287
greenprint,1.0.9,joegasewicz/greenprint,287
