Project Name,user/repo,Function coverage %,# dependencies,# commit,last commit,default branch,entry file,Module system,readme,test reporting,git url
null-session-npm,cedric05/cli,100,433,10477,2021-09-10,latest,https://raw.githubusercontent.com/cedric05/cli/latest/lib/npm.js,CommonJS,https://raw.githubusercontent.com/cedric05/cli/latest/README.md,coveralls.io,https://github.com/cedric05/cli.git
hoodie,hoodiehq/hoodie,100,705,1425,2021-01-04,master,https://raw.githubusercontent.com/hoodiehq/hoodie/master/server/index.js,CommonJS,https://raw.githubusercontent.com/hoodiehq/hoodie/master/README.md,coveralls.io,https://github.com/hoodiehq/hoodie.git
generator-ng-fullstack,ericmdantas/generator-ng-fullstack,100,423,1395,2021-03-18,master,https://raw.githubusercontent.com/ericmdantas/generator-ng-fullstack/master/app/index.js,CommonJS,https://raw.githubusercontent.com/ericmdantas/generator-ng-fullstack/master/README.md,coveralls.io,https://github.com/ericmdantas/generator-ng-fullstack.git
gulp4,gulpjs/gulp,100,305,1198,2022-12-19,master,https://raw.githubusercontent.com/gulpjs/gulp/master/index.js,CommonJS,https://raw.githubusercontent.com/gulpjs/gulp/master/README.md,coveralls.io,https://github.com/gulpjs/gulp.git
hoodie-server,hoodiehq/hoodie-server,100,814,1133,2017-10-14,master,https://raw.githubusercontent.com/hoodiehq/hoodie-server/master/index.js,CommonJS,https://raw.githubusercontent.com/hoodiehq/hoodie-server/master/README.md,coveralls.io,https://github.com/hoodiehq/hoodie-server.git
vigour-base,vigour-io/base,100,495,710,2016-10-29,master,https://raw.githubusercontent.com/vigour-io/base/master/index.js,CommonJS,https://raw.githubusercontent.com/vigour-io/base/master/README.md,coveralls.io,https://github.com/vigour-io/base.git
vigour-state,vigour-io/state,100,500,605,2016-10-19,master,https://raw.githubusercontent.com/vigour-io/state/master/lib/index.js,CommonJS,https://raw.githubusercontent.com/vigour-io/state/master/README.md,coveralls.io,https://github.com/vigour-io/state.git
inline-react-style,jonkemp/inline-css,100,291,475,2023-02-08,master,https://raw.githubusercontent.com/jonkemp/inline-css/master/index.js,CommonJS,https://raw.githubusercontent.com/jonkemp/inline-css/master/README.md,coveralls.io,https://github.com/jonkemp/inline-css.git
generator-react-webpack,react-webpack-generators/generator-react-webpack,100,557,369,2016-11-23,master,https://raw.githubusercontent.com/react-webpack-generators/generator-react-webpack/master/generators/app/index.js,CommonJS,https://raw.githubusercontent.com/react-webpack-generators/generator-react-webpack/master/README.md,coveralls.io,https://github.com/react-webpack-generators/generator-react-webpack.git
lennon-generator-react-webpack,newtriks/generator-react-webpack,100,408,369,2016-11-23,master,https://raw.githubusercontent.com/newtriks/generator-react-webpack/master/generators/app/index.js,CommonJS,https://raw.githubusercontent.com/newtriks/generator-react-webpack/master/README.md,coveralls.io,https://github.com/newtriks/generator-react-webpack.git
generator-bitch,darlanmendonca/generator-bitch,100,445,308,2017-03-27,master,https://raw.githubusercontent.com/darlanmendonca/generator-bitch/master/app/index.js,CommonJS,https://raw.githubusercontent.com/darlanmendonca/generator-bitch/master/README.md,coveralls.io,https://github.com/darlanmendonca/generator-bitch.git
node-webplay,mediagoom/node-play,100,748,208,2019-06-22,master,https://raw.githubusercontent.com/mediagoom/node-play/master/src/server/index.js,NodeJS,https://raw.githubusercontent.com/mediagoom/node-play/master/README.md,coveralls.io,https://github.com/mediagoom/node-play.git
rosid-handler-js,electerious/rosid-handler-js,100,315,202,2022-01-08,master,https://raw.githubusercontent.com/electerious/rosid-handler-js/master/src/index.js,CommonJS,https://raw.githubusercontent.com/electerious/rosid-handler-js/master/README.md,coveralls.io,https://github.com/electerious/rosid-handler-js.git
mkroosevelt,rooseveltframework/mkroosevelt,100,423,199,2023-05-24,main,https://raw.githubusercontent.com/rooseveltframework/mkroosevelt/main/mkroosevelt.js,NodeJS,https://raw.githubusercontent.com/rooseveltframework/mkroosevelt/main/README.md,codecov.io,https://github.com/rooseveltframework/mkroosevelt.git
svgfilter,papandreou/node-svgfilter,100,349,182,2022-07-09,master,https://raw.githubusercontent.com/papandreou/node-svgfilter/master/lib/SvgFilter.js,CommonJS,https://raw.githubusercontent.com/papandreou/node-svgfilter/master/README.md,coveralls.io,https://github.com/papandreou/node-svgfilter.git
apc-build,APCOvernight/apc-build,100,975,176,2021-04-15,master,https://raw.githubusercontent.com/APCOvernight/apc-build/master/index.js,CommonJS,https://raw.githubusercontent.com/APCOvernight/apc-build/master/README.md,coveralls.io,https://github.com/APCOvernight/apc-build.git
generator-angular-eggs,albatrosary/generator-angular-eggs,100,739,172,2016-06-16,master,https://raw.githubusercontent.com/albatrosary/generator-angular-eggs/master/app/index.js,CommonJS,https://raw.githubusercontent.com/albatrosary/generator-angular-eggs/master/readme.md,coveralls.io,https://github.com/albatrosary/generator-angular-eggs.git
eslint-config-frost-standard,ciena-frost/eslint-config-frost-standard,100,306,172,2019-02-27,master,https://raw.githubusercontent.com/ciena-frost/eslint-config-frost-standard/master/index.js,CommonJS,https://raw.githubusercontent.com/ciena-frost/eslint-config-frost-standard/master/README.md,coveralls.io,https://github.com/ciena-frost/eslint-config-frost-standard.git
generator-ajsweb,yadickson/generator-ajsweb,100,404,164,2019-01-15,master,https://raw.githubusercontent.com/yadickson/generator-ajsweb/master/generators/app/index.js,CommonJS,https://raw.githubusercontent.com/yadickson/generator-ajsweb/master/README.md,coveralls.io,https://github.com/yadickson/generator-ajsweb.git
generator-ngbp-module,jfmbrennan/generator-ngbp-module,100,418,152,2015-09-03,master,https://raw.githubusercontent.com/jfmbrennan/generator-ngbp-module/master/app/index.js,CommonJS,https://raw.githubusercontent.com/jfmbrennan/generator-ngbp-module/master/README.md,coveralls.io,https://github.com/jfmbrennan/generator-ngbp-module.git
bsv-mnemonic,moneybutton/bsv-mnemonic,100,379,152,2019-01-26,master,https://raw.githubusercontent.com/moneybutton/bsv-mnemonic/master/index.js,CommonJS,https://raw.githubusercontent.com/moneybutton/bsv-mnemonic/master/README.md,coveralls.io,https://github.com/moneybutton/bsv-mnemonic.git
relivestyle,alexjeffburke/relivestyle,100,570,138,2021-10-27,master,https://raw.githubusercontent.com/alexjeffburke/relivestyle/master/lib/index.js,CommonJS,https://raw.githubusercontent.com/alexjeffburke/relivestyle/master/README.md,coveralls.io,https://github.com/alexjeffburke/relivestyle.git
generator-polymerx,polymerx/generator-polymerx,100,412,120,2018-05-09,master,https://raw.githubusercontent.com/polymerx/generator-polymerx/master/generators/app/index.js,CommonJS,https://raw.githubusercontent.com/polymerx/generator-polymerx/master/README.md,codecov.io,https://github.com/polymerx/generator-polymerx.git
generator-nude,darlanmendonca/generator-nude,100,712,103,2017-04-20,master,https://raw.githubusercontent.com/darlanmendonca/generator-nude/master/app/index.js,CommonJS,https://raw.githubusercontent.com/darlanmendonca/generator-nude/master/README.md,coveralls.io,https://github.com/darlanmendonca/generator-nude.git
easywebpack-vue-build-script,hubcarl/easywebpack-vue,100,1192,100,2021-11-30,master,https://raw.githubusercontent.com/hubcarl/easywebpack-vue/master/index.js,CommonJS,https://raw.githubusercontent.com/hubcarl/easywebpack-vue/master/README.md,codecov.io,https://github.com/hubcarl/easywebpack-vue.git
fastify-axios,davidedantonio/fastify-axios,100,369,92,2022-10-13,master,https://raw.githubusercontent.com/davidedantonio/fastify-axios/master/index.js,CommonJS,https://raw.githubusercontent.com/davidedantonio/fastify-axios/master/README.md,codecov.io,https://github.com/davidedantonio/fastify-axios.git
brisky,vigour-io/brisky,100,514,90,2017-05-17,master,https://raw.githubusercontent.com/vigour-io/brisky/master/index.js,CommonJS,https://raw.githubusercontent.com/vigour-io/brisky/master/README.md,coveralls.io,https://github.com/vigour-io/brisky.git
brisky-class,vigour-io/brisky-class,100,506,89,2017-02-21,master,https://raw.githubusercontent.com/vigour-io/brisky-class/master/index.js,CommonJS,https://raw.githubusercontent.com/vigour-io/brisky-class/master/README.md,coveralls.io,https://github.com/vigour-io/brisky-class.git
eslint-plugin-ocd,ciena-blueplanet/eslint-plugin-ocd,100,302,89,2018-09-11,master,https://raw.githubusercontent.com/ciena-blueplanet/eslint-plugin-ocd/master/index.js,CommonJS,https://raw.githubusercontent.com/ciena-blueplanet/eslint-plugin-ocd/master/README.md,coveralls.io,https://github.com/ciena-blueplanet/eslint-plugin-ocd.git
markdown-resume,c0bra/markdown-resume-js,100,635,84,2018-04-09,master,https://raw.githubusercontent.com/c0bra/markdown-resume-js/master/src/markdown-resume.js,CommonJS,https://raw.githubusercontent.com/c0bra/markdown-resume-js/master/README.md,coveralls.io,https://github.com/c0bra/markdown-resume-js.git
brisky-focus,vigour-io/brisky-focus,100,564,66,2016-09-16,master,https://raw.githubusercontent.com/vigour-io/brisky-focus/master/lib/index.js,CommonJS,https://raw.githubusercontent.com/vigour-io/brisky-focus/master/README.md,coveralls.io,https://github.com/vigour-io/brisky-focus.git
podcast-search,Gleider/podcast-search,100,462,64,2018-07-11,master,https://raw.githubusercontent.com/Gleider/podcast-search/master/lib/search.js,CommonJS,https://raw.githubusercontent.com/Gleider/podcast-search/master/README.md,coveralls.io,https://github.com/Gleider/podcast-search.git
generator-genjutsu,adelonzeta/genjutsu,100,396,61,2017-11-17,master,https://raw.githubusercontent.com/adelonzeta/genjutsu/master/app/index.js,CommonJS,https://raw.githubusercontent.com/adelonzeta/genjutsu/master/README.md,codecov.io,https://github.com/adelonzeta/genjutsu.git
brisky-style,vigour-io/brisky-style,100,506,60,2016-10-16,master,https://raw.githubusercontent.com/vigour-io/brisky-style/master/lib/index.js,CommonJS,https://raw.githubusercontent.com/vigour-io/brisky-style/master/README.md,coveralls.io,https://github.com/vigour-io/brisky-style.git
langsheet,kt3k/langsheet,100,363,60,2023-04-25,master,https://raw.githubusercontent.com/kt3k/langsheet/master/index.js,NodeJS,https://raw.githubusercontent.com/kt3k/langsheet/master/README.md,codecov.io,https://github.com/kt3k/langsheet.git
jscodeshift-build-import-list,codemodsquad/jscodeshift-build-import-list,100,303,54,2021-12-07,master,https://raw.githubusercontent.com/codemodsquad/jscodeshift-build-import-list/master/index.js,CommonJS,https://raw.githubusercontent.com/codemodsquad/jscodeshift-build-import-list/master/README.md,codecov.io,https://github.com/codemodsquad/jscodeshift-build-import-list.git
brisky-props,vigour-io/brisky-props,100,506,52,2016-10-19,master,https://raw.githubusercontent.com/vigour-io/brisky-props/master/index.js,CommonJS,https://raw.githubusercontent.com/vigour-io/brisky-props/master/README.md,coveralls.io,https://github.com/vigour-io/brisky-props.git
prettier-stylelint-temp,isellsoap/prettier-stylelint,100,437,51,2019-02-25,master,https://raw.githubusercontent.com/isellsoap/prettier-stylelint/master/index.js,CommonJS,https://raw.githubusercontent.com/isellsoap/prettier-stylelint/master/README.md,codecov.io,https://github.com/isellsoap/prettier-stylelint.git
umdlib,jclo/umdlib,100,1075,50,2019-04-12,master,https://raw.githubusercontent.com/jclo/umdlib/master/index.js,CommonJS,https://raw.githubusercontent.com/jclo/umdlib/master/README.md,coveralls.io,https://github.com/jclo/umdlib.git
metalsmith-eslint,ubenzer/metalsmith-eslint,100,306,49,2019-02-07,master,https://raw.githubusercontent.com/ubenzer/metalsmith-eslint/master/lib/index.js,CommonJS,https://raw.githubusercontent.com/ubenzer/metalsmith-eslint/master/README.md,codecov.io,https://github.com/ubenzer/metalsmith-eslint.git
metalsmith-uglifyjs,ubenzer/metalsmith-uglifyjs,100,382,48,2017-05-23,master,https://raw.githubusercontent.com/ubenzer/metalsmith-uglifyjs/master/lib/index.js,CommonJS,https://raw.githubusercontent.com/ubenzer/metalsmith-uglifyjs/master/README.md,codecov.io,https://github.com/ubenzer/metalsmith-uglifyjs.git
generator-react-webpack-alt,weblogixx/generator-react-webpack-alt,100,700,47,2016-08-23,master,https://raw.githubusercontent.com/weblogixx/generator-react-webpack-alt/master/generators/app/index.js,CommonJS,https://raw.githubusercontent.com/weblogixx/generator-react-webpack-alt/master/README.md,coveralls.io,https://github.com/weblogixx/generator-react-webpack-alt.git
bot-magic,franzip/generator-hapi-api-stack,100,540,43,2017-10-06,master,https://raw.githubusercontent.com/franzip/generator-hapi-api-stack/master/generators/app/index.js,CommonJS,https://raw.githubusercontent.com/franzip/generator-hapi-api-stack/master/README.md,codecov.io,https://github.com/franzip/generator-hapi-api-stack.git
generator-ajsbase,yadickson/generator-ajsbase,100,400,41,2019-01-15,master,https://raw.githubusercontent.com/yadickson/generator-ajsbase/master/index.js,CommonJS,https://raw.githubusercontent.com/yadickson/generator-ajsbase/master/README.md,coveralls.io,https://github.com/yadickson/generator-ajsbase.git
webpack-configure,hvolschenk/webpack-configure,100,315,40,2017-03-27,master,https://raw.githubusercontent.com/hvolschenk/webpack-configure/master/src/index.js,CommonJS,https://raw.githubusercontent.com/hvolschenk/webpack-configure/master/README.md,coveralls.io,https://github.com/hvolschenk/webpack-configure.git
npmcheck2slack,frankthelen/npmcheck2slack,100,306,40,2018-08-28,master,https://raw.githubusercontent.com/frankthelen/npmcheck2slack/master/src/audit.js,CommonJS,https://raw.githubusercontent.com/frankthelen/npmcheck2slack/master/README.md,coveralls.io,https://github.com/frankthelen/npmcheck2slack.git
generator-ajslib,yadickson/generator-ajslib,100,402,36,2018-04-25,master,https://raw.githubusercontent.com/yadickson/generator-ajslib/master/generators/app/index.js,CommonJS,https://raw.githubusercontent.com/yadickson/generator-ajslib/master/README.md,coveralls.io,https://github.com/yadickson/generator-ajslib.git
generator-kibe,woliveiras/kibe,100,679,34,2016-03-15,master,https://raw.githubusercontent.com/woliveiras/kibe/master/app/index.es5.js,CommonJS,https://raw.githubusercontent.com/woliveiras/kibe/master/README.md,coveralls.io,https://github.com/woliveiras/kibe.git
lucass,mikeal/lucass,100,460,33,2017-09-19,master,https://raw.githubusercontent.com/mikeal/lucass/master/fs.js,CommonJS,https://raw.githubusercontent.com/mikeal/lucass/master/README.md,coveralls.io,https://github.com/mikeal/lucass.git
mqtter,taoyuan/mqttoxy,100,312,24,2017-10-11,master,https://raw.githubusercontent.com/taoyuan/mqttoxy/master/index.js,CommonJS,https://raw.githubusercontent.com/taoyuan/mqttoxy/master/README.md,coveralls.io,https://github.com/taoyuan/mqttoxy.git
urdubiometerjs,urdubiometer/urdubiometerjs,100,696,23,2019-05-09,master,https://raw.githubusercontent.com/urdubiometer/urdubiometerjs/master/src/index.js,CommonJS,https://raw.githubusercontent.com/urdubiometer/urdubiometerjs/master/README.md,coveralls.io,https://github.com/urdubiometer/urdubiometerjs.git
generator-mboy-deploy,monkee-boy/generator-mboy-deploy,100,684,23,2016-09-12,master,https://raw.githubusercontent.com/monkee-boy/generator-mboy-deploy/master/app/index.js,CommonJS,https://raw.githubusercontent.com/monkee-boy/generator-mboy-deploy/master/README.md,coveralls.io,https://github.com/monkee-boy/generator-mboy-deploy.git
gemini-optipng,gemini-testing/gemini-optipng,100,292,23,2018-11-29,master,https://raw.githubusercontent.com/gemini-testing/gemini-optipng/master/lib/plugin.js,CommonJS,https://raw.githubusercontent.com/gemini-testing/gemini-optipng/master/README.md,coveralls.io,https://github.com/gemini-testing/gemini-optipng.git
gulp-watchify-browserify,simbo/gulp-watchify-browserify,100,318,21,2016-03-03,master,https://raw.githubusercontent.com/simbo/gulp-watchify-browserify/master/index.js,CommonJS,https://raw.githubusercontent.com/simbo/gulp-watchify-browserify/master/README.md,codecov.io,https://github.com/simbo/gulp-watchify-browserify.git
dynamizer,belbis/dynamizer,100,302,20,2015-02-15,master,https://raw.githubusercontent.com/belbis/dynamizer/master/index.js,CommonJS,https://raw.githubusercontent.com/belbis/dynamizer/master/README.md,coveralls.io,https://github.com/belbis/dynamizer.git
easywebpack-js,hubcarl/easywebpack-js,100,1091,16,2020-02-22,master,https://raw.githubusercontent.com/hubcarl/easywebpack-js/master/index.js,CommonJS,https://raw.githubusercontent.com/hubcarl/easywebpack-js/master/README.md,codecov.io,https://github.com/hubcarl/easywebpack-js.git
testarmada-magellan-seleniumgrid-executor,TestArmada/magellan-seleniumgrid-executor,100,309,12,2021-01-15,master,https://raw.githubusercontent.com/TestArmada/magellan-seleniumgrid-executor/master/index.js,CommonJS,https://raw.githubusercontent.com/TestArmada/magellan-seleniumgrid-executor/master/README.md,codecov.io,https://github.com/TestArmada/magellan-seleniumgrid-executor.git
res-react-asset-boilerplate,easy-team/res,100,542,9,2020-02-24,master,https://raw.githubusercontent.com/easy-team/res/master/index.js,CommonJS,https://raw.githubusercontent.com/easy-team/res/master/README.md,codecov.io,https://github.com/easy-team/res.git
alex-vscode,shinnn/alex-vscode,100,301,6,2018-11-29,master,https://raw.githubusercontent.com/shinnn/alex-vscode/master/index.js,CommonJS,https://raw.githubusercontent.com/shinnn/alex-vscode/master/README.md,coveralls.io,https://github.com/shinnn/alex-vscode.git
happner-tests,happner/happner-tests,100,291,1,2016-03-02,master,https://raw.githubusercontent.com/happner/happner-tests/master/index.js,CommonJS,https://raw.githubusercontent.com/happner/happner-tests/master/README.md,coveralls.io,https://github.com/happner/happner-tests.git
roe-scripts,kaelzhang/roe-scripts,99.24,810,242,2019-09-22,master,https://raw.githubusercontent.com/kaelzhang/roe-scripts/master/src/index.js,CommonJS,https://raw.githubusercontent.com/kaelzhang/roe-scripts/master/README.md,codecov.io,https://github.com/kaelzhang/roe-scripts.git
mu-jquery-app>11.0.0>mu-jquery-widget>standard-version,conventional-changelog/standard-version,98.13,290,333,2022-05-15,master,https://raw.githubusercontent.com/conventional-changelog/standard-version/master/index.js,CommonJS,https://raw.githubusercontent.com/conventional-changelog/standard-version/master/README.md,codecov.io,https://github.com/conventional-changelog/standard-version.git
promise-mix,Onheiron/promise-mix,97.7,458,132,2019-01-07,master,https://raw.githubusercontent.com/Onheiron/promise-mix/master/index.js,CommonJS,https://raw.githubusercontent.com/Onheiron/promise-mix/master/readme.md,coveralls.io,https://github.com/Onheiron/promise-mix.git
twilio-cli,twilio/twilio-cli,97.68,313,796,2023-06-01,main,https://raw.githubusercontent.com/twilio/twilio-cli/main/src/index.js,CommonJS,https://raw.githubusercontent.com/twilio/twilio-cli/main/README.md,codecov.io,https://github.com/twilio/twilio-cli.git
connect-phonegap,phonegap/connect-phonegap,96.76,353,565,2019-08-08,master,https://raw.githubusercontent.com/phonegap/connect-phonegap/master/lib/index.js,CommonJS,https://raw.githubusercontent.com/phonegap/connect-phonegap/master/README.md,codecov.io,https://github.com/phonegap/connect-phonegap.git
rosid-handler-components,comwrap/rosid-handler-components,96.47,334,648,2022-01-08,master,https://raw.githubusercontent.com/comwrap/rosid-handler-components/master/src/index.js,CommonJS,https://raw.githubusercontent.com/comwrap/rosid-handler-components/master/README.md,coveralls.io,https://github.com/comwrap/rosid-handler-components.git
remarker,kt3k/remarker,94.44,364,153,2023-04-25,main,https://raw.githubusercontent.com/kt3k/remarker/main/index.js,NodeJS,https://raw.githubusercontent.com/kt3k/remarker/main/README.md,codecov.io,https://github.com/kt3k/remarker.git
vigour-observable,vigour-io/observable,93.82,496,357,2016-10-24,master,https://raw.githubusercontent.com/vigour-io/observable/master/lib/index.js,CommonJS,https://raw.githubusercontent.com/vigour-io/observable/master/README.md,coveralls.io,https://github.com/vigour-io/observable.git
iamtest,amokrushin/iamtest,92.3,657,73,2018-03-30,master,https://raw.githubusercontent.com/amokrushin/iamtest/master/index.js,CommonJS,https://raw.githubusercontent.com/amokrushin/iamtest/master/README.md,codecov.io,https://github.com/amokrushin/iamtest.git
david,alanshaw/david,91.52,491,317,2021-06-10,master,https://raw.githubusercontent.com/alanshaw/david/master/lib/david.js,CommonJS,https://raw.githubusercontent.com/alanshaw/david/master/README.md,coveralls.io,https://github.com/alanshaw/david.git
mathoid,wikimedia/mathoid,91.02,334,2359,2023-05-04,master,https://raw.githubusercontent.com/wikimedia/mathoid/master/app.js,CommonJS,https://raw.githubusercontent.com/wikimedia/mathoid/master/README.md,coveralls.io,https://github.com/wikimedia/mathoid.git
am-node-tape-runner,amokrushin/am-node-tape-runner,90.76,321,73,2018-03-30,master,https://raw.githubusercontent.com/amokrushin/am-node-tape-runner/master/index.js,CommonJS,https://raw.githubusercontent.com/amokrushin/am-node-tape-runner/master/README.md,codecov.io,https://github.com/amokrushin/am-node-tape-runner.git
tagd,uncledu/tagd,90.32,341,14,2016-12-06,master,https://raw.githubusercontent.com/uncledu/tagd/master/lib/index.js,CommonJS,https://raw.githubusercontent.com/uncledu/tagd/master/README.md,coveralls.io,https://github.com/uncledu/tagd.git
images-to-variables,Brightspace/images-to-variables,90,362,55,2022-06-29,master,https://raw.githubusercontent.com/Brightspace/images-to-variables/master/lib/index.js,CommonJS,https://raw.githubusercontent.com/Brightspace/images-to-variables/master/README.md,coveralls.io,https://github.com/Brightspace/images-to-variables.git
generator-tman,FrendEr/generator-tman,89.47,679,30,2016-03-08,master,https://raw.githubusercontent.com/FrendEr/generator-tman/master/generators/app/index.js,CommonJS,https://raw.githubusercontent.com/FrendEr/generator-tman/master/README.md,codecov.io,https://github.com/FrendEr/generator-tman.git
generator-es2015,dominikschreiber/generator-es2015,89.47,568,30,2015-06-16,master,https://raw.githubusercontent.com/dominikschreiber/generator-es2015/master/generators/app/index.js,CommonJS,https://raw.githubusercontent.com/dominikschreiber/generator-es2015/master/README.md,coveralls.io,https://github.com/dominikschreiber/generator-es2015.git
reduce-css,reducejs/reduce-css,88.46,360,91,2016-06-12,master,https://raw.githubusercontent.com/reducejs/reduce-css/master/index.js,CommonJS,https://raw.githubusercontent.com/reducejs/reduce-css/master/README.md,coveralls.io,https://github.com/reducejs/reduce-css.git
generator-backbone,yeoman/generator-backbone,88,402,465,2016-03-26,master,https://raw.githubusercontent.com/yeoman/generator-backbone/master/generators/app/index.js,CommonJS,https://raw.githubusercontent.com/yeoman/generator-backbone/master/readme.md,coveralls.io,https://github.com/yeoman/generator-backbone.git
lastcall-gulp-drupal-tasks,LastCallMedia/gulp-drupal-tasks,87.5,373,253,2022-12-08,master,https://raw.githubusercontent.com/LastCallMedia/gulp-drupal-tasks/master/index.js,CommonJS,https://raw.githubusercontent.com/LastCallMedia/gulp-drupal-tasks/master/README.md,codecov.io,https://github.com/LastCallMedia/gulp-drupal-tasks.git
bionode-bwa,bionode/bionode-bwa,87.5,311,37,2017-06-01,master,https://raw.githubusercontent.com/bionode/bionode-bwa/master/index.js,CommonJS,https://raw.githubusercontent.com/bionode/bionode-bwa/master/README.md,coveralls.io,https://github.com/bionode/bionode-bwa.git
generator-at-angular,A-Tokyo/generator-at-angular,87.41,696,662,2017-03-07,master,https://raw.githubusercontent.com/A-Tokyo/generator-at-angular/master/generators/app/index.js,CommonJS,https://raw.githubusercontent.com/A-Tokyo/generator-at-angular/master/README.md,coveralls.io,https://github.com/A-Tokyo/generator-at-angular.git
seespee,papandreou/seespee,86.95,369,273,2022-08-22,master,https://raw.githubusercontent.com/papandreou/seespee/master/lib/seespee.js,CommonJS,https://raw.githubusercontent.com/papandreou/seespee/master/README.md,coveralls.io,https://github.com/papandreou/seespee.git
mining-utils,Oracy/mining-utils,86.11,313,118,2021-01-20,master,https://raw.githubusercontent.com/Oracy/mining-utils/master/index.js,CommonJS,https://raw.githubusercontent.com/Oracy/mining-utils/master/README.md,coveralls.io,https://github.com/Oracy/mining-utils.git
svgo-compress-image,spidercpsf/svgo,86.08,335,808,2017-03-20,master,https://raw.githubusercontent.com/spidercpsf/svgo/master/lib/svgo.js,CommonJS,https://raw.githubusercontent.com/spidercpsf/svgo/master/README.md,coveralls.io,https://github.com/spidercpsf/svgo.git
brisky-events,vigour-io/brisky-events,85.71,497,116,2016-10-26,master,https://raw.githubusercontent.com/vigour-io/brisky-events/master/lib/index.js,CommonJS,https://raw.githubusercontent.com/vigour-io/brisky-events/master/README.md,coveralls.io,https://github.com/vigour-io/brisky-events.git
kuzzle-plugin-mqtt,kuzzleio/kuzzle-plugin-mqtt,85.71,303,47,2018-02-20,master,https://raw.githubusercontent.com/kuzzleio/kuzzle-plugin-mqtt/master/lib/index.js,CommonJS,https://raw.githubusercontent.com/kuzzleio/kuzzle-plugin-mqtt/master/README.md,codecov.io,https://github.com/kuzzleio/kuzzle-plugin-mqtt.git
open-telecom,fauxsoup/otp-js,85.71,299,44,2022-03-30,master,https://raw.githubusercontent.com/fauxsoup/otp-js/master/index.js,CommonJS,https://raw.githubusercontent.com/fauxsoup/otp-js/master/README.md,coveralls.io,https://github.com/fauxsoup/otp-js.git
aliv,ericmdantas/aliv,84.21,309,241,2021-03-18,master,https://raw.githubusercontent.com/ericmdantas/aliv/master/lib/index.js,CommonJS,https://raw.githubusercontent.com/ericmdantas/aliv/master/README.md,coveralls.io,https://github.com/ericmdantas/aliv.git
generator-cartridge-lib-module,pikamachu/pika-generator-cartridge-lib-module,83.33,695,25,2020-08-10,master,https://raw.githubusercontent.com/pikamachu/pika-generator-cartridge-lib-module/master/app/index.js,CommonJS,https://raw.githubusercontent.com/pikamachu/pika-generator-cartridge-lib-module/master/README.md,codecov.io,https://github.com/pikamachu/pika-generator-cartridge-lib-module.git
generator-jhipster-primeng,sudheerj/generator-jhipster-primeng,82.14,636,388,2020-12-29,master,https://raw.githubusercontent.com/sudheerj/generator-jhipster-primeng/master/generators/app/index.js,CommonJS,https://raw.githubusercontent.com/sudheerj/generator-jhipster-primeng/master/README.md,coveralls.io,https://github.com/sudheerj/generator-jhipster-primeng.git
elephas,bigdatr/elephas,81.81,429,206,2017-10-03,master,https://raw.githubusercontent.com/bigdatr/elephas/master/elephas.js,CommonJS,https://raw.githubusercontent.com/bigdatr/elephas/master/README.md,coveralls.io,https://github.com/bigdatr/elephas.git
srv-cli,alfg/srv,81.25,482,124,2020-07-13,master,https://raw.githubusercontent.com/alfg/srv/master/index.js,CommonJS,https://raw.githubusercontent.com/alfg/srv/master/README.md,coveralls.io,https://github.com/alfg/srv.git
generator-fullstack-backbone,pusongyang/generator-fullstack-backbone,80.95,402,48,2016-08-17,master,https://raw.githubusercontent.com/pusongyang/generator-fullstack-backbone/master/generators/app/index.js,CommonJS,https://raw.githubusercontent.com/pusongyang/generator-fullstack-backbone/master/readme.md,coveralls.io,https://github.com/pusongyang/generator-fullstack-backbone.git
fakerdb,sius/fakerdb,80,323,127,2023-01-16,master,https://raw.githubusercontent.com/sius/fakerdb/master/index.js,CommonJS,https://raw.githubusercontent.com/sius/fakerdb/master/README.md,codecov.io,https://github.com/sius/fakerdb.git
qa-control-server,codenautas/qa-control-server,77.77,477,330,2019-11-08,master,https://raw.githubusercontent.com/codenautas/qa-control-server/master/app/qa-control-server.js,CommonJS,https://raw.githubusercontent.com/codenautas/qa-control-server/master/README.md,coveralls.io,https://github.com/codenautas/qa-control-server.git
airtap,airtap/airtap,75,392,905,2023-04-28,master,https://raw.githubusercontent.com/airtap/airtap/master/lib/airtap.js,CommonJS,https://raw.githubusercontent.com/airtap/airtap/master/README.md,coveralls.io,https://github.com/airtap/airtap.git
express-vue,express-vue/express-vue,75,686,652,2021-08-18,master,https://raw.githubusercontent.com/express-vue/express-vue/master/lib/index.js,CommonJS,https://raw.githubusercontent.com/express-vue/express-vue/master/README.md,coveralls.io,https://github.com/express-vue/express-vue.git
webpack-dev-server-fork,shadowwzw/webpack-dev-server-fork,75,290,549,2017-03-29,master,https://raw.githubusercontent.com/shadowwzw/webpack-dev-server-fork/master/lib/Server.js,CommonJS,https://raw.githubusercontent.com/shadowwzw/webpack-dev-server-fork/master/README.md,codecov.io,https://github.com/shadowwzw/webpack-dev-server-fork.git
lad,ladjs/lad,75,427,343,2022-04-27,master,https://raw.githubusercontent.com/ladjs/lad/master/sao.js,CommonJS,https://raw.githubusercontent.com/ladjs/lad/master/README.md,codecov.io,https://github.com/ladjs/lad.git
swagger2aglio,psastras/swagger2aglio,75,418,28,2017-03-15,master,https://raw.githubusercontent.com/psastras/swagger2aglio/master/index.js,NodeJS,https://raw.githubusercontent.com/psastras/swagger2aglio/master/README.md,coveralls.io,https://github.com/psastras/swagger2aglio.git
generator-yag-git,alefteris/generator-yag-git,75,677,7,2016-10-02,master,https://raw.githubusercontent.com/alefteris/generator-yag-git/master/app/index.js,CommonJS,https://raw.githubusercontent.com/alefteris/generator-yag-git/master/README.md,coveralls.io,https://github.com/alefteris/generator-yag-git.git
generator-node-lib,aliaksandr-pasynkau/generator-node-lib,73.07,414,48,2015-06-29,master,https://raw.githubusercontent.com/aliaksandr-pasynkau/generator-node-lib/master/app/index.js,CommonJS,https://raw.githubusercontent.com/aliaksandr-pasynkau/generator-node-lib/master/README.md,coveralls.io,https://github.com/aliaksandr-pasynkau/generator-node-lib.git
generator-new-node-module,nicomf1982/generator-new-node-module,72.2,751,7,2017-01-10,master,https://raw.githubusercontent.com/nicomf1982/generator-new-node-module/master/app/index.js,CommonJS,https://raw.githubusercontent.com/nicomf1982/generator-new-node-module/master/README.md,coveralls.io,https://github.com/nicomf1982/generator-new-node-module.git